row_id,lifetime_seconds,events_per_second,seq_length,unique_syscalls,uid_is_root,uid_changed,euid_root,max_uid_euid_delta,is_suid_exec,auid_euid_mismatch,ephemeral_privileged,failed_call_rate,failed_call_count,priv_op_count,exec_count,file_access_count,network_count,shell_from_service,sensitive_path_access,parent_child_rarity,fold,true_label,technique,pred_xgb,proba_xgb,pred_cnn,proba_cnn,disagreement_direction
115,0.001,5000.0,5,4,1,0,1,0.0,0,0,1,0.8,4,0,1,0,0,0,0,1.0,3,0,benign,0,0.6923177242279053,1,0.9917534589767456,xgb_benign_cnn_malicious
123,0.001,5000.0,5,4,1,0,1,0.0,0,0,1,0.8,4,0,1,0,0,0,0,1.0,3,1,T1078_Valid_Accounts,0,0.6923177242279053,1,0.9917534589767456,xgb_benign_cnn_malicious
234,0.001,11000.0,11,3,1,0,1,0.0,0,1,1,0.9091,10,0,4,0,0,0,0,1.0,4,0,benign,0,0.46265119314193726,1,0.7419862747192383,xgb_benign_cnn_malicious
238,0.001,8000.0,8,3,1,0,1,0.0,0,0,1,0.875,7,0,3,0,0,0,0,1.0,4,0,benign,0,0.5382307767868042,1,0.9489884972572327,xgb_benign_cnn_malicious
697,0.001,5000.0,5,4,1,0,1,0.0,0,0,1,0.8,4,0,1,0,0,0,0,1.0,3,0,benign,0,0.6923177242279053,1,0.9917534589767456,xgb_benign_cnn_malicious
868,0.001,14000.0,14,2,1,0,1,0.0,0,0,1,1.0,14,0,7,0,0,0,0,0.999579,1,0,benign,0,0.694502592086792,1,0.9362074136734009,xgb_benign_cnn_malicious
1039,0.001,8000.0,8,3,1,0,1,0.0,0,0,1,0.875,7,0,3,0,0,0,0,1.0,4,0,benign,0,0.5382307767868042,1,0.9489884972572327,xgb_benign_cnn_malicious
1438,0.001,5000.0,5,4,1,0,1,0.0,0,0,1,0.8,4,0,1,0,0,0,0,1.0,3,1,T1078_Valid_Accounts,0,0.6923177242279053,1,0.9917534589767456,xgb_benign_cnn_malicious
1837,0.001,11000.0,11,3,1,0,1,0.0,0,1,1,0.9091,10,0,4,0,0,0,0,1.0,4,0,benign,0,0.46265119314193726,1,0.7419862747192383,xgb_benign_cnn_malicious
1880,0.001,8000.0,8,3,1,0,1,0.0,0,0,1,0.875,7,0,3,0,0,0,0,1.0,4,0,benign,0,0.5382307767868042,1,0.9489884972572327,xgb_benign_cnn_malicious
2204,0.001,11000.0,11,3,1,0,1,0.0,0,1,1,0.9091,10,0,4,0,0,0,0,1.0,4,0,benign,0,0.46265119314193726,1,0.7419862747192383,xgb_benign_cnn_malicious
2840,0.001,8000.0,8,3,1,0,1,0.0,0,0,1,0.875,7,0,3,0,0,0,0,0.973325,4,0,benign,0,0.3245709240436554,1,0.9654507040977478,xgb_benign_cnn_malicious
2847,0.001,9000.0,9,3,1,0,1,0.0,0,0,1,0.8889,8,0,3,0,0,0,0,0.973325,4,1,T1078_Valid_Accounts,0,0.619727611541748,1,0.9672528505325317,xgb_benign_cnn_malicious
2874,0.001,11000.0,11,3,1,0,1,0.0,0,1,1,0.9091,10,0,4,0,0,0,0,1.0,4,0,benign,0,0.46265119314193726,1,0.7419862747192383,xgb_benign_cnn_malicious
2879,0.001,11000.0,11,3,1,0,1,0.0,0,1,1,0.9091,10,0,4,0,0,0,0,1.0,4,0,benign,0,0.46265119314193726,1,0.7419862747192383,xgb_benign_cnn_malicious
2988,0.001,8000.0,8,3,1,0,1,0.0,0,0,1,0.875,7,0,3,0,0,0,0,1.0,4,0,benign,0,0.5382307767868042,1,0.9489884972572327,xgb_benign_cnn_malicious
3034,0.001,11000.0,11,3,1,0,1,0.0,0,1,1,0.9091,10,0,4,0,0,0,0,1.0,4,1,T1078_Valid_Accounts,0,0.46265119314193726,1,0.7419862747192383,xgb_benign_cnn_malicious
3244,0.001,11000.0,11,3,1,0,1,0.0,0,1,1,0.9091,10,0,4,0,0,0,0,1.0,4,0,benign,0,0.46265119314193726,1,0.7419862747192383,xgb_benign_cnn_malicious
3489,0.001,11000.0,11,3,1,0,1,0.0,0,1,1,0.9091,10,0,4,0,0,0,0,1.0,4,0,benign,0,0.46265119314193726,1,0.7419862747192383,xgb_benign_cnn_malicious
3781,0.001,11000.0,11,3,1,0,1,0.0,0,1,1,0.9091,10,0,4,0,0,0,0,1.0,4,0,benign,0,0.46265119314193726,1,0.7419862747192383,xgb_benign_cnn_malicious
3893,0.001,8000.0,8,3,1,0,1,0.0,0,0,1,0.875,7,0,3,0,0,0,0,1.0,4,0,benign,0,0.5382307767868042,1,0.9489884972572327,xgb_benign_cnn_malicious
4164,0.001,15000.0,15,3,1,0,1,0.0,0,0,1,0.8667,13,0,5,0,0,0,0,0.921176,1,0,benign,0,0.4333839416503906,1,0.931560218334198,xgb_benign_cnn_malicious
5237,0.001,11000.0,11,3,1,0,1,0.0,0,1,1,0.9091,10,0,4,0,0,0,0,1.0,4,0,benign,0,0.46265119314193726,1,0.7419862747192383,xgb_benign_cnn_malicious
5351,0.001,5000.0,5,4,1,0,1,0.0,0,0,1,0.8,4,0,1,0,0,0,0,1.0,3,1,T1078_Valid_Accounts,0,0.6923177242279053,1,0.9917534589767456,xgb_benign_cnn_malicious
5458,0.001,8000.0,8,3,1,0,1,0.0,0,0,1,0.875,7,0,3,0,0,0,0,1.0,4,1,T1078_Valid_Accounts,0,0.5382307767868042,1,0.9489884972572327,xgb_benign_cnn_malicious
5642,0.001,8000.0,8,3,1,0,1,0.0,0,0,1,0.875,7,0,3,0,0,0,0,1.0,4,1,T1078_Valid_Accounts,0,0.5382307767868042,1,0.9489884972572327,xgb_benign_cnn_malicious
5947,0.001,5000.0,5,4,1,0,1,0.0,0,0,1,0.8,4,0,1,0,0,0,0,1.0,3,0,benign,0,0.6923177242279053,1,0.9917534589767456,xgb_benign_cnn_malicious
6278,0.001,8000.0,8,3,1,0,1,0.0,0,0,1,0.875,7,0,3,0,0,0,0,0.973325,4,1,T1078_Valid_Accounts,0,0.3245709240436554,1,0.9654507040977478,xgb_benign_cnn_malicious
6373,0.001,11000.0,11,3,1,0,1,0.0,0,1,1,0.9091,10,0,4,0,0,0,0,1.0,4,0,benign,0,0.46265119314193726,1,0.7419862747192383,xgb_benign_cnn_malicious
6470,0.001,11000.0,11,3,1,0,1,0.0,0,1,1,0.9091,10,0,4,0,0,0,0,1.0,4,0,benign,0,0.46265119314193726,1,0.7419862747192383,xgb_benign_cnn_malicious
7190,0.001,11000.0,11,3,1,0,1,0.0,0,1,1,0.9091,10,0,4,0,0,0,0,1.0,4,0,benign,0,0.46265119314193726,1,0.7419862747192383,xgb_benign_cnn_malicious
7425,0.001,8000.0,8,3,1,0,1,0.0,0,0,1,0.875,7,0,3,0,0,0,0,1.0,4,1,T1078_Valid_Accounts,0,0.5382307767868042,1,0.9489884972572327,xgb_benign_cnn_malicious
7657,0.001,11000.0,11,3,1,0,1,0.0,0,1,1,0.9091,10,0,4,0,0,0,0,1.0,4,0,benign,0,0.46265119314193726,1,0.7419862747192383,xgb_benign_cnn_malicious
7740,0.001,8000.0,8,3,1,0,1,0.0,0,0,1,0.875,7,0,3,0,0,0,0,1.0,4,1,T1078_Valid_Accounts,0,0.5382307767868042,1,0.9489884972572327,xgb_benign_cnn_malicious
7925,0.001,11000.0,11,3,1,0,1,0.0,0,1,1,0.9091,10,0,4,0,0,0,0,1.0,4,0,benign,0,0.46265119314193726,1,0.7419862747192383,xgb_benign_cnn_malicious
8389,0.001,11000.0,11,3,1,0,1,0.0,0,1,1,0.9091,10,0,4,0,0,0,0,1.0,4,0,benign,0,0.46265119314193726,1,0.7419862747192383,xgb_benign_cnn_malicious
8675,0.001,11000.0,11,3,1,0,1,0.0,0,1,1,0.9091,10,0,4,0,0,0,0,1.0,4,0,benign,0,0.46265119314193726,1,0.7419862747192383,xgb_benign_cnn_malicious
8734,0.001,11000.0,11,3,1,0,1,0.0,0,1,1,0.9091,10,0,4,0,0,0,0,1.0,4,0,benign,0,0.46265119314193726,1,0.7419862747192383,xgb_benign_cnn_malicious
9039,0.001,8000.0,8,3,1,0,1,0.0,0,0,1,0.875,7,0,3,0,0,0,0,1.0,4,1,T1078_Valid_Accounts,0,0.5382307767868042,1,0.9489884972572327,xgb_benign_cnn_malicious
9041,0.001,11000.0,11,3,1,0,1,0.0,0,1,1,0.9091,10,0,4,0,0,0,0,1.0,4,0,benign,0,0.46265119314193726,1,0.7419862747192383,xgb_benign_cnn_malicious
9051,30.948,1.325,41,5,1,1,1,0.0,0,0,0,0.6829,28,0,0,12,0,0,0,0.973325,1,0,benign,0,0.6505191326141357,1,0.9784662127494812,xgb_benign_cnn_malicious
9078,0.001,8000.0,8,3,1,0,1,0.0,0,0,1,0.875,7,0,3,0,0,0,0,1.0,4,1,T1078_Valid_Accounts,0,0.5382307767868042,1,0.9489884972572327,xgb_benign_cnn_malicious
10245,0.001,8000.0,8,3,1,0,1,0.0,0,0,1,0.875,7,0,3,0,0,0,0,1.0,4,1,T1078_Valid_Accounts,0,0.5382307767868042,1,0.9489884972572327,xgb_benign_cnn_malicious
10257,0.001,11000.0,11,3,1,0,1,0.0,0,1,1,0.9091,10,0,4,0,0,0,0,1.0,4,0,benign,0,0.46265119314193726,1,0.7419862747192383,xgb_benign_cnn_malicious
10469,0.001,11000.0,11,3,1,0,1,0.0,0,1,1,0.9091,10,0,4,0,0,0,0,1.0,4,0,benign,0,0.46265119314193726,1,0.7419862747192383,xgb_benign_cnn_malicious
10522,0.001,11000.0,11,3,1,0,1,0.0,0,1,1,0.9091,10,0,4,0,0,0,0,1.0,4,0,benign,0,0.46265119314193726,1,0.7419862747192383,xgb_benign_cnn_malicious
10573,0.016,749.998,12,4,1,0,1,0.0,0,0,1,0.9167,11,0,4,0,0,0,0,0.977843,1,0,benign,0,0.5584598183631897,1,0.9479522109031677,xgb_benign_cnn_malicious
10615,0.004,3500.045,14,2,1,0,1,0.0,0,0,1,1.0,14,0,7,0,0,0,0,0.999579,4,0,benign,0,0.3904956877231598,1,0.9424631595611572,xgb_benign_cnn_malicious
10804,0.001,11000.0,11,3,1,0,1,0.0,0,1,1,0.9091,10,0,4,0,0,0,0,1.0,4,0,benign,0,0.46265119314193726,1,0.7419862747192383,xgb_benign_cnn_malicious
10865,0.001,8000.0,8,3,1,0,1,0.0,0,0,1,0.875,7,0,3,0,0,0,0,1.0,4,1,T1078_Valid_Accounts,0,0.5382307767868042,1,0.9489884972572327,xgb_benign_cnn_malicious
10876,0.001,9000.0,9,3,1,0,1,0.0,0,0,1,0.8889,8,0,3,0,0,0,0,0.973325,4,1,T1078_Valid_Accounts,0,0.619727611541748,1,0.9672528505325317,xgb_benign_cnn_malicious
11046,0.001,11000.0,11,3,1,0,1,0.0,0,1,1,0.9091,10,0,4,0,0,0,0,1.0,4,0,benign,0,0.46265119314193726,1,0.7419862747192383,xgb_benign_cnn_malicious
11050,0.001,5000.0,5,4,1,0,1,0.0,0,0,1,0.8,4,0,1,0,0,0,0,0.999949,3,1,T1078_Valid_Accounts,0,0.6828815937042236,1,0.9918093085289001,xgb_benign_cnn_malicious
11125,0.001,14000.0,14,3,1,0,1,0.0,0,1,1,0.8571,12,0,5,0,0,0,0,1.0,4,1,T1078_Valid_Accounts,0,0.612684965133667,1,0.7579640746116638,xgb_benign_cnn_malicious
11231,0.001,11000.0,11,3,1,0,1,0.0,0,1,1,0.9091,10,0,4,0,0,0,0,1.0,4,0,benign,0,0.46265119314193726,1,0.7419862747192383,xgb_benign_cnn_malicious
11272,0.001,11000.0,11,3,1,0,1,0.0,0,1,1,0.9091,10,0,4,0,0,0,0,1.0,4,1,T1078_Valid_Accounts,0,0.46265119314193726,1,0.7419862747192383,xgb_benign_cnn_malicious
11312,0.056,2035.714,114,7,1,1,1,0.0,0,0,1,0.6842,78,0,1,33,0,0,0,0.998693,1,0,benign,0,0.42495980858802795,1,0.9877406358718872,xgb_benign_cnn_malicious
11440,0.001,10000.0,10,3,1,1,1,1002.0,1,0,1,0.9,9,0,4,0,0,0,0,1.0,1,0,benign,0,0.39246416091918945,1,0.9988299012184143,xgb_benign_cnn_malicious
11816,0.001,5000.0,5,4,1,0,1,0.0,0,0,1,0.8,4,0,1,0,0,0,0,1.0,3,1,T1078_Valid_Accounts,0,0.6923177242279053,1,0.9917534589767456,xgb_benign_cnn_malicious
11857,0.004,5500.071,22,3,1,0,1,0.0,0,0,1,0.9091,20,0,8,0,0,0,0,1.0,3,1,T1078_Valid_Accounts,0,0.5284601449966431,1,0.9978947043418884,xgb_benign_cnn_malicious
12034,0.001,11000.0,11,3,1,0,1,0.0,0,1,1,0.9091,10,0,4,0,0,0,0,1.0,4,0,benign,0,0.46265119314193726,1,0.7419862747192383,xgb_benign_cnn_malicious
12322,0.001,8000.0,8,3,1,0,1,0.0,0,0,1,0.875,7,0,3,0,0,0,0,0.973325,4,0,benign,0,0.3245709240436554,1,0.9654507040977478,xgb_benign_cnn_malicious
12540,0.001,8000.0,8,3,1,0,1,0.0,0,0,1,0.875,7,0,3,0,0,0,0,1.0,4,1,T1078_Valid_Accounts,0,0.5382307767868042,1,0.9489884972572327,xgb_benign_cnn_malicious
12613,0.001,5000.0,5,4,1,0,1,0.0,0,0,1,0.8,4,0,1,0,0,0,0,1.0,3,1,T1078_Valid_Accounts,0,0.6923177242279053,1,0.9917534589767456,xgb_benign_cnn_malicious
12943,0.001,8000.0,8,3,1,0,1,0.0,0,0,1,0.75,6,0,2,0,0,0,0,1.0,3,0,benign,0,0.5248250365257263,1,0.9974316954612732,xgb_benign_cnn_malicious
12992,0.001,8000.0,8,3,1,0,1,0.0,0,0,1,0.875,7,0,3,0,0,0,0,1.0,4,0,benign,0,0.5382307767868042,1,0.9489884972572327,xgb_benign_cnn_malicious
13125,0.004,3749.825,15,3,1,0,1,0.0,0,0,1,0.8667,13,0,5,0,0,0,0,1.0,4,1,T1078_Valid_Accounts,0,0.4296572804450989,1,0.8444210290908813,xgb_benign_cnn_malicious
13479,0.001,11000.0,11,3,1,0,1,0.0,0,1,1,0.9091,10,0,4,0,0,0,0,1.0,4,0,benign,0,0.46265119314193726,1,0.7419862747192383,xgb_benign_cnn_malicious
13763,0.004,2000.026,8,3,1,0,1,0.0,0,0,1,0.75,6,0,2,0,0,0,0,0.921176,4,0,benign,0,0.40484368801116943,1,0.974132776260376,xgb_benign_cnn_malicious
13793,0.001,5000.0,5,4,1,0,1,0.0,0,0,1,0.8,4,0,1,0,0,0,0,1.0,3,1,T1078_Valid_Accounts,0,0.6923177242279053,1,0.9917534589767456,xgb_benign_cnn_malicious
13883,0.001,5000.0,5,4,1,0,1,0.0,0,0,1,0.8,4,0,1,0,0,0,0,1.0,3,0,benign,0,0.6923177242279053,1,0.9917534589767456,xgb_benign_cnn_malicious
14188,601166.996,0.0,38,11,1,0,1,0.0,0,0,0,0.6316,24,0,7,1,0,0,0,1.0,4,1,T1087_Account_Discovery,0,0.5437732934951782,1,0.9991608262062073,xgb_benign_cnn_malicious
14190,0.001,11000.0,11,3,1,0,1,0.0,0,1,1,0.9091,10,0,4,0,0,0,0,1.0,4,0,benign,0,0.46265119314193726,1,0.7419862747192383,xgb_benign_cnn_malicious
14221,0.004,2500.032,10,3,1,0,1,0.0,0,1,1,0.9,9,0,4,0,0,0,0,0.973325,1,0,benign,0,0.6632530093193054,1,0.8552455306053162,xgb_benign_cnn_malicious
14576,0.001,8000.0,8,3,1,0,1,0.0,0,0,1,0.875,7,0,3,0,0,0,0,0.973325,4,0,benign,0,0.3245709240436554,1,0.9654507040977478,xgb_benign_cnn_malicious
14628,0.001,8000.0,8,3,1,0,1,0.0,0,0,1,0.875,7,0,3,0,0,0,0,1.0,4,0,benign,0,0.5382307767868042,1,0.9489884972572327,xgb_benign_cnn_malicious
14630,0.001,11000.0,11,3,1,0,1,0.0,0,1,1,0.9091,10,0,4,0,0,0,0,1.0,4,0,benign,0,0.46265119314193726,1,0.7419862747192383,xgb_benign_cnn_malicious
14696,0.001,11000.0,11,3,1,0,1,0.0,0,1,1,0.9091,10,0,4,0,0,0,0,1.0,4,0,benign,0,0.46265119314193726,1,0.7419862747192383,xgb_benign_cnn_malicious
15040,0.001,5000.0,5,4,1,0,1,0.0,0,0,1,0.8,4,0,1,0,0,0,0,1.0,3,0,benign,0,0.6923177242279053,1,0.9917534589767456,xgb_benign_cnn_malicious
15293,0.004,2000.026,8,3,1,0,1,0.0,0,0,1,0.875,7,0,3,0,0,0,0,1.0,4,1,T1078_Valid_Accounts,0,0.3759605586528778,1,0.8749561309814453,xgb_benign_cnn_malicious
15443,0.001,11000.0,11,3,1,0,1,0.0,0,1,1,0.9091,10,0,4,0,0,0,0,1.0,4,0,benign,0,0.46265119314193726,1,0.7419862747192383,xgb_benign_cnn_malicious
15545,0.001,8000.0,8,3,1,0,1,0.0,0,0,1,0.875,7,0,3,0,0,0,0,1.0,4,1,T1078_Valid_Accounts,0,0.5382307767868042,1,0.9489884972572327,xgb_benign_cnn_malicious
15905,0.001,11000.0,11,3,1,0,1,0.0,0,1,1,0.9091,10,0,4,0,0,0,0,1.0,4,0,benign,0,0.46265119314193726,1,0.7419862747192383,xgb_benign_cnn_malicious
16131,0.001,8000.0,8,3,1,0,1,0.0,0,0,1,0.875,7,0,3,0,0,0,0,0.973325,4,0,benign,0,0.3245709240436554,1,0.9654507040977478,xgb_benign_cnn_malicious
16250,0.001,5000.0,5,4,1,0,1,0.0,0,0,1,0.8,4,0,1,0,0,0,0,1.0,3,1,T1078_Valid_Accounts,0,0.6923177242279053,1,0.9917534589767456,xgb_benign_cnn_malicious
16582,0.001,14000.0,14,3,1,0,1,0.0,0,1,1,0.8571,12,0,5,0,0,0,0,1.0,4,1,T1078_Valid_Accounts,0,0.612684965133667,1,0.7579640746116638,xgb_benign_cnn_malicious
16618,0.001,11000.0,11,3,1,0,1,0.0,0,1,1,0.9091,10,0,4,0,0,0,0,1.0,4,0,benign,0,0.46265119314193726,1,0.7419862747192383,xgb_benign_cnn_malicious
16677,0.001,11000.0,11,3,1,0,1,0.0,0,1,1,0.9091,10,0,4,0,0,0,0,1.0,4,0,benign,0,0.46265119314193726,1,0.7419862747192383,xgb_benign_cnn_malicious
16794,0.001,5000.0,5,4,1,0,1,0.0,0,0,1,0.8,4,0,1,0,0,0,0,1.0,3,0,benign,0,0.6923177242279053,1,0.9917534589767456,xgb_benign_cnn_malicious
16889,0.001,8000.0,8,3,1,0,1,0.0,0,0,1,0.875,7,0,3,0,0,0,0,1.0,4,1,T1078_Valid_Accounts,0,0.5382307767868042,1,0.9489884972572327,xgb_benign_cnn_malicious
17150,0.001,14000.0,14,3,1,0,1,0.0,0,1,1,0.8571,12,0,5,0,0,0,0,1.0,4,0,benign,0,0.612684965133667,1,0.7579640746116638,xgb_benign_cnn_malicious
17241,0.001,5000.0,5,4,1,0,1,0.0,0,0,1,0.8,4,0,1,0,0,0,0,1.0,3,1,T1078_Valid_Accounts,0,0.6923177242279053,1,0.9917534589767456,xgb_benign_cnn_malicious
17525,0.004,3000.039,12,4,1,0,1,0.0,0,0,1,0.9167,11,0,4,0,0,0,0,0.998619,1,0,benign,0,0.6150367259979248,1,0.9260253310203552,xgb_benign_cnn_malicious
17708,0.004,3000.039,12,3,1,1,1,0.0,0,0,1,0.9167,11,0,5,0,0,0,0,0.999504,1,0,benign,0,0.47639450430870056,1,0.9780054688453674,xgb_benign_cnn_malicious
18013,0.001,9000.0,9,3,1,0,1,0.0,0,0,1,0.8889,8,0,3,0,0,0,0,0.973325,4,0,benign,0,0.619727611541748,1,0.9672528505325317,xgb_benign_cnn_malicious
18161,0.001,15000.0,15,3,1,0,1,0.0,0,0,1,0.8667,13,0,5,0,0,0,0,0.921176,1,0,benign,0,0.4333839416503906,1,0.931560218334198,xgb_benign_cnn_malicious
18448,0.232,34.483,8,4,1,0,1,0.0,0,1,1,0.625,5,0,1,2,0,0,0,1.0,2,1,T1078_Valid_Accounts,0,0.5467879176139832,1,0.9972876906394958,xgb_benign_cnn_malicious
18904,0.001,5000.0,5,4,1,0,1,0.0,0,0,1,0.8,4,0,1,0,0,0,0,1.0,3,0,benign,0,0.6923177242279053,1,0.9917534589767456,xgb_benign_cnn_malicious
19012,0.001,5000.0,5,4,1,0,1,0.0,0,0,1,0.8,4,0,1,0,0,0,0,1.0,3,0,benign,0,0.6923177242279053,1,0.9917534589767456,xgb_benign_cnn_malicious
19060,0.001,11000.0,11,3,1,0,1,0.0,0,1,1,0.9091,10,0,4,0,0,0,0,1.0,4,0,benign,0,0.46265119314193726,1,0.7419862747192383,xgb_benign_cnn_malicious
19168,0.001,5000.0,5,4,1,0,1,0.0,0,0,1,0.8,4,0,1,0,0,0,0,1.0,3,1,T1078_Valid_Accounts,0,0.6923177242279053,1,0.9917534589767456,xgb_benign_cnn_malicious
19185,0.001,11000.0,11,3,1,0,1,0.0,0,1,1,0.9091,10,0,4,0,0,0,0,1.0,4,0,benign,0,0.46265119314193726,1,0.7419862747192383,xgb_benign_cnn_malicious
19199,0.001,11000.0,11,3,1,0,1,0.0,0,1,1,0.9091,10,0,4,0,0,0,0,1.0,4,0,benign,0,0.46265119314193726,1,0.7419862747192383,xgb_benign_cnn_malicious
19452,0.001,8000.0,8,3,1,0,1,0.0,0,0,1,0.875,7,0,3,0,0,0,0,1.0,4,0,benign,0,0.5382307767868042,1,0.9489884972572327,xgb_benign_cnn_malicious
19672,0.008,4125.053,33,7,1,1,1,0.0,0,0,1,0.7576,25,0,2,5,0,0,0,1.0,1,0,benign,0,0.5205070972442627,1,0.9959560632705688,xgb_benign_cnn_malicious
19860,0.001,11000.0,11,3,1,0,1,0.0,0,1,1,0.9091,10,0,4,0,0,0,0,1.0,4,0,benign,0,0.46265119314193726,1,0.7419862747192383,xgb_benign_cnn_malicious
20138,0.001,5000.0,5,4,1,0,1,0.0,0,0,1,0.8,4,0,1,0,0,0,0,1.0,3,0,benign,0,0.6923177242279053,1,0.9917534589767456,xgb_benign_cnn_malicious
20476,0.001,11000.0,11,3,1,0,1,0.0,0,1,1,0.9091,10,0,4,0,0,0,0,1.0,4,0,benign,0,0.46265119314193726,1,0.7419862747192383,xgb_benign_cnn_malicious
20538,0.001,8000.0,8,3,1,0,1,0.0,0,0,1,0.875,7,0,3,0,0,0,0,1.0,4,0,benign,0,0.5382307767868042,1,0.9489884972572327,xgb_benign_cnn_malicious
20775,0.004,2000.026,8,3,1,0,1,0.0,0,0,1,0.875,7,0,3,0,0,0,0,1.0,4,1,T1078_Valid_Accounts,0,0.3759605586528778,1,0.8749561309814453,xgb_benign_cnn_malicious
21006,0.001,11000.0,11,3,1,0,1,0.0,0,1,1,0.9091,10,0,4,0,0,0,0,1.0,4,0,benign,0,0.46265119314193726,1,0.7419862747192383,xgb_benign_cnn_malicious
21349,0.001,11000.0,11,3,1,0,1,0.0,0,1,1,0.9091,10,0,4,0,0,0,0,1.0,4,0,benign,0,0.46265119314193726,1,0.7419862747192383,xgb_benign_cnn_malicious
21364,0.004,2000.026,8,3,1,0,1,0.0,0,0,1,0.875,7,0,3,0,0,0,0,1.0,4,0,benign,0,0.3759605586528778,1,0.8749561309814453,xgb_benign_cnn_malicious
21489,0.001,8000.0,8,3,1,0,1,0.0,0,0,1,0.875,7,0,3,0,0,0,0,1.0,4,0,benign,0,0.5382307767868042,1,0.9489884972572327,xgb_benign_cnn_malicious
21506,0.001,5000.0,5,4,1,0,1,0.0,0,0,1,0.8,4,0,1,0,0,0,0,1.0,3,1,T1078_Valid_Accounts,0,0.6923177242279053,1,0.9917534589767456,xgb_benign_cnn_malicious
21707,0.001,5000.0,5,4,1,0,1,0.0,0,0,1,0.8,4,0,1,0,0,0,0,1.0,3,0,benign,0,0.6923177242279053,1,0.9917534589767456,xgb_benign_cnn_malicious
22020,0.001,8000.0,8,3,1,0,1,0.0,0,0,1,0.875,7,0,3,0,0,0,0,1.0,4,0,benign,0,0.5382307767868042,1,0.9489884972572327,xgb_benign_cnn_malicious
22033,0.001,11000.0,11,3,1,0,1,0.0,0,1,1,0.9091,10,0,4,0,0,0,0,1.0,4,0,benign,0,0.46265119314193726,1,0.7419862747192383,xgb_benign_cnn_malicious
22135,0.001,11000.0,11,3,1,0,1,0.0,0,1,1,0.9091,10,0,4,0,0,0,0,1.0,4,0,benign,0,0.46265119314193726,1,0.7419862747192383,xgb_benign_cnn_malicious
22215,0.001,11000.0,11,3,1,0,1,0.0,0,1,1,0.9091,10,0,4,0,0,0,0,1.0,4,1,T1078_Valid_Accounts,0,0.46265119314193726,1,0.7419862747192383,xgb_benign_cnn_malicious
22522,0.001,8000.0,8,3,1,0,1,0.0,0,0,1,0.875,7,0,3,0,0,0,0,0.973325,4,1,T1078_Valid_Accounts,0,0.3245709240436554,1,0.9654507040977478,xgb_benign_cnn_malicious
22624,0.001,11000.0,11,3,1,0,1,0.0,0,1,1,0.9091,10,0,4,0,0,0,0,1.0,4,0,benign,0,0.46265119314193726,1,0.7419862747192383,xgb_benign_cnn_malicious
22826,0.001,5000.0,5,4,1,0,1,0.0,0,0,1,0.8,4,0,1,0,0,0,0,1.0,3,0,benign,0,0.6923177242279053,1,0.9917534589767456,xgb_benign_cnn_malicious
22852,0.001,9000.0,9,3,1,0,1,0.0,0,0,1,0.8889,8,0,3,0,0,0,0,0.973325,4,0,benign,0,0.619727611541748,1,0.9672528505325317,xgb_benign_cnn_malicious
23237,0.001,5000.0,5,4,1,0,1,0.0,0,0,1,0.8,4,0,1,0,0,0,0,1.0,3,0,benign,0,0.6923177242279053,1,0.9917534589767456,xgb_benign_cnn_malicious
23595,0.001,8000.0,8,3,1,0,1,0.0,0,0,1,0.875,7,0,3,0,0,0,0,1.0,4,1,T1078_Valid_Accounts,0,0.5382307767868042,1,0.9489884972572327,xgb_benign_cnn_malicious
23767,0.001,11000.0,11,3,1,0,1,0.0,0,1,1,0.9091,10,0,4,0,0,0,0,1.0,4,0,benign,0,0.46265119314193726,1,0.7419862747192383,xgb_benign_cnn_malicious
23865,0.001,11000.0,11,3,1,0,1,0.0,0,1,1,0.9091,10,0,4,0,0,0,0,1.0,4,0,benign,0,0.46265119314193726,1,0.7419862747192383,xgb_benign_cnn_malicious
23992,0.001,5000.0,5,4,1,0,1,0.0,0,0,1,0.8,4,0,1,0,0,0,0,1.0,3,0,benign,0,0.6923177242279053,1,0.9917534589767456,xgb_benign_cnn_malicious
24012,0.001,11000.0,11,3,1,0,1,0.0,0,1,1,0.9091,10,0,4,0,0,0,0,1.0,4,0,benign,0,0.46265119314193726,1,0.7419862747192383,xgb_benign_cnn_malicious
24541,0.001,9000.0,9,3,1,0,1,0.0,0,0,1,0.8889,8,0,3,0,0,0,0,0.973325,4,0,benign,0,0.619727611541748,1,0.9672528505325317,xgb_benign_cnn_malicious
24766,0.001,8000.0,8,3,1,0,1,0.0,0,0,1,0.875,7,0,3,0,0,0,0,1.0,4,0,benign,0,0.5382307767868042,1,0.9489884972572327,xgb_benign_cnn_malicious
24797,0.001,8000.0,8,3,1,0,1,0.0,0,0,1,0.875,7,0,3,0,0,0,0,1.0,4,0,benign,0,0.5382307767868042,1,0.9489884972572327,xgb_benign_cnn_malicious
24871,0.004,2500.032,10,3,1,1,1,0.0,0,0,1,0.9,9,0,4,0,0,0,0,1.0,1,0,benign,0,0.6132968664169312,1,0.9286623001098633,xgb_benign_cnn_malicious
24951,0.001,11000.0,11,3,1,0,1,0.0,0,1,1,0.9091,10,0,4,0,0,0,0,1.0,4,0,benign,0,0.46265119314193726,1,0.7419862747192383,xgb_benign_cnn_malicious
25091,0.001,8000.0,8,3,1,0,1,0.0,0,0,1,0.875,7,0,3,0,0,0,0,0.973325,4,1,T1078_Valid_Accounts,0,0.3245709240436554,1,0.9654507040977478,xgb_benign_cnn_malicious
25281,0.001,11000.0,11,3,1,0,1,0.0,0,1,1,0.9091,10,0,4,0,0,0,0,1.0,4,0,benign,0,0.46265119314193726,1,0.7419862747192383,xgb_benign_cnn_malicious
25400,0.001,11000.0,11,3,1,0,1,0.0,0,1,1,0.9091,10,0,4,0,0,0,0,1.0,4,0,benign,0,0.46265119314193726,1,0.7419862747192383,xgb_benign_cnn_malicious
25547,0.001,8000.0,8,3,1,0,1,0.0,0,0,1,0.875,7,0,3,0,0,0,0,1.0,4,0,benign,0,0.5382307767868042,1,0.9489884972572327,xgb_benign_cnn_malicious
25754,0.001,11000.0,11,3,1,0,1,0.0,0,1,1,0.9091,10,0,4,0,0,0,0,1.0,4,0,benign,0,0.46265119314193726,1,0.7419862747192383,xgb_benign_cnn_malicious
25887,0.001,11000.0,11,3,1,0,1,0.0,0,1,1,0.9091,10,0,4,0,0,0,0,1.0,4,0,benign,0,0.46265119314193726,1,0.7419862747192383,xgb_benign_cnn_malicious
25894,0.001,15000.0,15,3,1,0,1,0.0,0,0,1,0.8667,13,0,5,0,0,0,0,1.0,4,0,benign,0,0.5974626541137695,1,0.8567609786987305,xgb_benign_cnn_malicious
25916,0.001,8000.0,8,3,1,0,1,0.0,0,0,1,0.875,7,0,3,0,0,0,0,1.0,4,0,benign,0,0.5382307767868042,1,0.9489884972572327,xgb_benign_cnn_malicious
26066,0.001,14000.0,14,3,1,0,1,0.0,0,1,1,0.8571,12,0,5,0,0,0,0,1.0,4,1,T1078_Valid_Accounts,0,0.612684965133667,1,0.7579640746116638,xgb_benign_cnn_malicious
26258,0.001,5000.0,5,4,1,0,1,0.0,0,0,1,0.8,4,0,1,0,0,0,0,1.0,3,0,benign,0,0.6923177242279053,1,0.9917534589767456,xgb_benign_cnn_malicious
26279,0.001,11000.0,11,3,1,0,1,0.0,0,1,1,0.9091,10,0,4,0,0,0,0,1.0,4,0,benign,0,0.46265119314193726,1,0.7419862747192383,xgb_benign_cnn_malicious
26540,0.004,4000.051,16,3,1,0,1,0.0,0,1,1,0.875,14,0,5,0,0,0,0,1.0,4,1,T1078_Valid_Accounts,0,0.39235103130340576,1,0.7201188802719116,xgb_benign_cnn_malicious
26724,0.001,8000.0,8,3,1,0,1,0.0,0,0,1,0.875,7,0,3,0,0,0,0,1.0,4,1,T1078_Valid_Accounts,0,0.5382307767868042,1,0.9489884972572327,xgb_benign_cnn_malicious
26871,0.001,8000.0,8,3,1,0,1,0.0,0,0,1,0.875,7,0,3,0,0,0,0,1.0,4,1,T1078_Valid_Accounts,0,0.5382307767868042,1,0.9489884972572327,xgb_benign_cnn_malicious
27007,0.001,5000.0,5,4,1,0,1,0.0,0,0,1,0.8,4,0,1,0,0,0,0,1.0,3,1,T1078_Valid_Accounts,0,0.6923177242279053,1,0.9917534589767456,xgb_benign_cnn_malicious
27116,0.001,11000.0,11,3,1,0,1,0.0,0,1,1,0.9091,10,0,4,0,0,0,0,1.0,4,0,benign,0,0.46265119314193726,1,0.7419862747192383,xgb_benign_cnn_malicious
27384,0.001,11000.0,11,3,1,0,1,0.0,0,1,1,0.9091,10,0,4,0,0,0,0,1.0,4,0,benign,0,0.46265119314193726,1,0.7419862747192383,xgb_benign_cnn_malicious
27470,0.001,11000.0,11,3,1,0,1,0.0,0,1,1,0.9091,10,0,4,0,0,0,0,1.0,4,0,benign,0,0.46265119314193726,1,0.7419862747192383,xgb_benign_cnn_malicious
27695,0.001,11000.0,11,3,1,0,1,0.0,0,1,1,0.9091,10,0,4,0,0,0,0,1.0,4,0,benign,0,0.46265119314193726,1,0.7419862747192383,xgb_benign_cnn_malicious
27967,0.001,11000.0,11,3,1,0,1,0.0,0,1,1,0.9091,10,0,4,0,0,0,0,1.0,4,0,benign,0,0.46265119314193726,1,0.7419862747192383,xgb_benign_cnn_malicious
28192,0.001,8000.0,8,3,1,0,1,0.0,0,0,1,0.875,7,0,3,0,0,0,0,0.999878,4,1,T1078_Valid_Accounts,0,0.5500925183296204,1,0.9490213990211487,xgb_benign_cnn_malicious
28510,0.001,8000.0,8,3,1,0,1,0.0,0,0,1,0.875,7,0,3,0,0,0,0,1.0,4,0,benign,0,0.5382307767868042,1,0.9489884972572327,xgb_benign_cnn_malicious
28634,0.001,8000.0,8,3,1,0,1,0.0,0,0,1,0.875,7,0,3,0,0,0,0,1.0,4,0,benign,0,0.5382307767868042,1,0.9489884972572327,xgb_benign_cnn_malicious
28679,0.001,11000.0,11,3,1,0,1,0.0,0,1,1,0.9091,10,0,4,0,0,0,0,1.0,4,0,benign,0,0.46265119314193726,1,0.7419862747192383,xgb_benign_cnn_malicious
28881,0.001,11000.0,11,3,1,0,1,0.0,0,1,1,0.9091,10,0,4,0,0,0,0,1.0,4,0,benign,0,0.46265119314193726,1,0.7419862747192383,xgb_benign_cnn_malicious
29057,0.008,1875.024,15,3,1,0,1,0.0,0,0,1,0.8667,13,0,5,0,0,0,0,0.921176,1,0,benign,0,0.39096522331237793,1,0.9090099930763245,xgb_benign_cnn_malicious
29280,0.001,8000.0,8,3,1,0,1,0.0,0,0,1,0.875,7,0,3,0,0,0,0,1.0,4,0,benign,0,0.5382307767868042,1,0.9489884972572327,xgb_benign_cnn_malicious
29461,0.001,8000.0,8,3,1,0,1,0.0,0,0,1,0.875,7,0,3,0,0,0,0,0.973325,4,1,T1078_Valid_Accounts,0,0.3245709240436554,1,0.9654507040977478,xgb_benign_cnn_malicious
29511,0.001,15000.0,15,3,1,0,1,0.0,0,0,1,0.8667,13,0,5,0,0,0,0,1.0,4,0,benign,0,0.5974626541137695,1,0.8567609786987305,xgb_benign_cnn_malicious
29593,0.001,11000.0,11,3,1,0,1,0.0,0,1,1,0.9091,10,0,4,0,0,0,0,1.0,4,0,benign,0,0.46265119314193726,1,0.7419862747192383,xgb_benign_cnn_malicious
29718,0.001,11000.0,11,3,1,0,1,0.0,0,1,1,0.9091,10,0,4,0,0,0,0,1.0,4,0,benign,0,0.46265119314193726,1,0.7419862747192383,xgb_benign_cnn_malicious
29898,0.001,11000.0,11,3,1,0,1,0.0,0,1,1,0.9091,10,0,4,0,0,0,0,1.0,4,0,benign,0,0.46265119314193726,1,0.7419862747192383,xgb_benign_cnn_malicious
30256,0.001,9000.0,9,3,1,0,1,0.0,0,0,1,0.8889,8,0,3,0,0,0,0,0.973325,4,0,benign,0,0.619727611541748,1,0.9672528505325317,xgb_benign_cnn_malicious
30538,0.001,8000.0,8,3,1,0,1,0.0,0,0,1,0.875,7,0,3,0,0,0,0,1.0,4,0,benign,0,0.5382307767868042,1,0.9489884972572327,xgb_benign_cnn_malicious
31085,0.001,11000.0,11,3,1,0,1,0.0,0,1,1,0.9091,10,0,4,0,0,0,0,1.0,4,0,benign,0,0.46265119314193726,1,0.7419862747192383,xgb_benign_cnn_malicious
31387,0.001,8000.0,8,3,1,0,1,0.0,0,0,1,0.875,7,0,3,0,0,0,0,1.0,4,0,benign,0,0.5382307767868042,1,0.9489884972572327,xgb_benign_cnn_malicious
31463,0.001,11000.0,11,3,1,0,1,0.0,0,1,1,0.9091,10,0,4,0,0,0,0,1.0,4,0,benign,0,0.46265119314193726,1,0.7419862747192383,xgb_benign_cnn_malicious
31585,0.001,8000.0,8,3,1,0,1,0.0,0,0,1,0.875,7,0,3,0,0,0,0,1.0,4,0,benign,0,0.5382307767868042,1,0.9489884972572327,xgb_benign_cnn_malicious
31609,0.001,5000.0,5,4,1,0,1,0.0,0,0,1,0.8,4,0,1,0,0,0,0,1.0,3,0,benign,0,0.6923177242279053,1,0.9917534589767456,xgb_benign_cnn_malicious
31644,0.001,8000.0,8,3,1,0,1,0.0,0,0,1,0.875,7,0,3,0,0,0,0,1.0,4,1,T1078_Valid_Accounts,0,0.5382307767868042,1,0.9489884972572327,xgb_benign_cnn_malicious
31671,0.001,8000.0,8,3,1,0,1,0.0,0,0,1,0.875,7,0,3,0,0,0,0,1.0,4,0,benign,0,0.5382307767868042,1,0.9489884972572327,xgb_benign_cnn_malicious
31707,0.001,8000.0,8,3,1,0,1,0.0,0,0,1,0.875,7,0,3,0,0,0,0,1.0,4,0,benign,0,0.5382307767868042,1,0.9489884972572327,xgb_benign_cnn_malicious
31785,0.004,2500.032,10,3,1,1,1,0.0,0,0,1,0.9,9,0,4,0,0,0,0,1.0,1,0,benign,0,0.6132968664169312,1,0.9286623001098633,xgb_benign_cnn_malicious
32166,0.001,11000.0,11,3,1,0,1,0.0,0,1,1,0.9091,10,0,4,0,0,0,0,1.0,4,0,benign,0,0.46265119314193726,1,0.7419862747192383,xgb_benign_cnn_malicious
32212,0.001,11000.0,11,3,1,0,1,0.0,0,1,1,0.9091,10,0,4,0,0,0,0,1.0,4,0,benign,0,0.46265119314193726,1,0.7419862747192383,xgb_benign_cnn_malicious
32253,0.001,8000.0,8,3,1,0,1,0.0,0,0,1,0.875,7,0,3,0,0,0,0,0.973325,4,0,benign,0,0.3245709240436554,1,0.9654507040977478,xgb_benign_cnn_malicious
33722,0.001,11000.0,11,3,1,0,1,0.0,0,1,1,0.9091,10,0,4,0,0,0,0,1.0,4,0,benign,0,0.46265119314193726,1,0.7419862747192383,xgb_benign_cnn_malicious
33767,0.001,5000.0,5,4,1,0,1,0.0,0,0,1,0.8,4,0,1,0,0,0,0,1.0,3,1,T1078_Valid_Accounts,0,0.6923177242279053,1,0.9917534589767456,xgb_benign_cnn_malicious
33847,0.001,8000.0,8,3,1,0,1,0.0,0,0,1,0.875,7,0,3,0,0,0,0,1.0,4,0,benign,0,0.5382307767868042,1,0.9489884972572327,xgb_benign_cnn_malicious
33881,0.001,11000.0,11,3,1,0,1,0.0,0,1,1,0.9091,10,0,4,0,0,0,0,1.0,4,0,benign,0,0.46265119314193726,1,0.7419862747192383,xgb_benign_cnn_malicious
33998,0.001,8000.0,8,3,1,0,1,0.0,0,0,1,0.875,7,0,3,0,0,0,0,1.0,4,0,benign,0,0.5382307767868042,1,0.9489884972572327,xgb_benign_cnn_malicious
34144,0.001,5000.0,5,4,1,0,1,0.0,0,0,1,0.8,4,0,1,0,0,0,0,1.0,3,1,T1078_Valid_Accounts,0,0.6923177242279053,1,0.9917534589767456,xgb_benign_cnn_malicious
34171,0.001,5000.0,5,4,1,0,1,0.0,0,0,1,0.8,4,0,1,0,0,0,0,1.0,3,1,T1078_Valid_Accounts,0,0.6923177242279053,1,0.9917534589767456,xgb_benign_cnn_malicious
35051,0.001,11000.0,11,3,1,0,1,0.0,0,1,1,0.9091,10,0,4,0,0,0,0,1.0,4,0,benign,0,0.46265119314193726,1,0.7419862747192383,xgb_benign_cnn_malicious
35192,0.001,11000.0,11,3,1,0,1,0.0,0,1,1,0.9091,10,0,4,0,0,0,0,1.0,4,0,benign,0,0.46265119314193726,1,0.7419862747192383,xgb_benign_cnn_malicious
35215,0.001,5000.0,5,4,1,0,1,0.0,0,0,1,0.8,4,0,1,0,0,0,0,1.0,3,1,T1078_Valid_Accounts,0,0.6923177242279053,1,0.9917534589767456,xgb_benign_cnn_malicious
35270,0.001,8000.0,8,3,1,0,1,0.0,0,0,1,0.875,7,0,3,0,0,0,0,0.973325,4,0,benign,0,0.3245709240436554,1,0.9654507040977478,xgb_benign_cnn_malicious
35480,0.001,5000.0,5,4,1,0,1,0.0,0,0,1,0.8,4,0,1,0,0,0,0,1.0,3,0,benign,0,0.6923177242279053,1,0.9917534589767456,xgb_benign_cnn_malicious
35536,0.001,11000.0,11,3,1,0,1,0.0,0,1,1,0.9091,10,0,4,0,0,0,0,1.0,4,0,benign,0,0.46265119314193726,1,0.7419862747192383,xgb_benign_cnn_malicious
35585,0.001,8000.0,8,3,1,0,1,0.0,0,0,1,0.875,7,0,3,0,0,0,0,0.999858,4,0,benign,0,0.5712800621986389,1,0.9490267634391785,xgb_benign_cnn_malicious
35808,0.001,11000.0,11,3,1,0,1,0.0,0,1,1,0.9091,10,0,4,0,0,0,0,1.0,4,0,benign,0,0.46265119314193726,1,0.7419862747192383,xgb_benign_cnn_malicious
35823,0.001,8000.0,8,3,1,0,1,0.0,0,0,1,0.875,7,0,3,0,0,0,0,1.0,4,1,T1078_Valid_Accounts,0,0.5382307767868042,1,0.9489884972572327,xgb_benign_cnn_malicious
36080,0.001,11000.0,11,3,1,0,1,0.0,0,1,1,0.9091,10,0,4,0,0,0,0,1.0,4,0,benign,0,0.46265119314193726,1,0.7419862747192383,xgb_benign_cnn_malicious
36631,0.001,15000.0,15,3,1,0,1,0.0,0,0,1,0.8667,13,0,5,0,0,0,0,1.0,4,0,benign,0,0.5974626541137695,1,0.8567609786987305,xgb_benign_cnn_malicious
36667,0.001,8000.0,8,3,1,0,1,0.0,0,0,1,0.875,7,0,3,0,0,0,0,1.0,4,1,T1078_Valid_Accounts,0,0.5382307767868042,1,0.9489884972572327,xgb_benign_cnn_malicious
36679,0.001,5000.0,5,4,1,0,1,0.0,0,0,1,0.8,4,0,1,0,0,0,0,1.0,3,1,T1078_Valid_Accounts,0,0.6923177242279053,1,0.9917534589767456,xgb_benign_cnn_malicious
37030,0.001,2000.0,2,2,1,1,1,13.0,1,0,1,1.0,2,0,1,0,0,0,0,0.996466,0,1,T1078_Valid_Accounts,0,0.4079813063144684,1,0.9999998211860657,xgb_benign_cnn_malicious
37053,0.001,8000.0,8,3,1,0,1,0.0,0,0,1,0.875,7,0,3,0,0,0,0,1.0,4,0,benign,0,0.5382307767868042,1,0.9489884972572327,xgb_benign_cnn_malicious
37634,0.004,3750.048,15,3,1,0,1,0.0,0,0,1,0.8667,13,0,5,0,0,0,0,0.921176,1,0,benign,0,0.43562954664230347,1,0.9273319840431213,xgb_benign_cnn_malicious
37688,0.001,8000.0,8,3,1,0,1,0.0,0,0,1,0.875,7,0,3,0,0,0,0,0.973325,4,1,T1078_Valid_Accounts,0,0.3245709240436554,1,0.9654507040977478,xgb_benign_cnn_malicious
37865,0.001,8000.0,8,3,1,0,1,0.0,0,0,1,0.875,7,0,3,0,0,0,0,0.973325,4,0,benign,0,0.3245709240436554,1,0.9654507040977478,xgb_benign_cnn_malicious
37952,0.001,5000.0,5,4,1,0,1,0.0,0,0,1,0.8,4,0,1,0,0,0,0,1.0,3,0,benign,0,0.6923177242279053,1,0.9917534589767456,xgb_benign_cnn_malicious
38097,0.001,15000.0,15,3,1,0,1,0.0,0,0,1,0.8667,13,0,5,0,0,0,0,1.0,4,0,benign,0,0.5974626541137695,1,0.8567609786987305,xgb_benign_cnn_malicious
38137,0.001,8000.0,8,3,1,0,1,0.0,0,0,1,0.875,7,0,3,0,0,0,0,1.0,4,1,T1078_Valid_Accounts,0,0.5382307767868042,1,0.9489884972572327,xgb_benign_cnn_malicious
38862,0.001,8000.0,8,3,1,0,1,0.0,0,0,1,0.875,7,0,3,0,0,0,0,1.0,4,0,benign,0,0.5382307767868042,1,0.9489884972572327,xgb_benign_cnn_malicious
38890,0.001,8000.0,8,3,1,0,1,0.0,0,0,1,0.875,7,0,3,0,0,0,0,0.999969,4,0,benign,0,0.5263786315917969,1,0.948996901512146,xgb_benign_cnn_malicious
38899,0.001,5000.0,5,4,1,0,1,0.0,0,0,1,0.8,4,0,1,0,0,0,0,1.0,3,0,benign,0,0.6923177242279053,1,0.9917534589767456,xgb_benign_cnn_malicious
39125,0.001,5000.0,5,4,1,0,1,0.0,0,0,1,0.8,4,0,1,0,0,0,0,1.0,3,1,T1078_Valid_Accounts,0,0.6923177242279053,1,0.9917534589767456,xgb_benign_cnn_malicious
39581,0.004,3750.048,15,3,1,1,1,0.0,0,0,1,0.8667,13,0,5,0,0,0,0,1.0,3,1,T1166_Seuid_and_Setgid,0,0.6825464963912964,1,0.9894636869430542,xgb_benign_cnn_malicious
39936,0.001,8000.0,8,3,1,0,1,0.0,0,0,1,0.875,7,0,3,0,0,0,0,1.0,4,0,benign,0,0.5382307767868042,1,0.9489884972572327,xgb_benign_cnn_malicious
40250,0.001,11000.0,11,3,1,0,1,0.0,0,1,1,0.9091,10,0,4,0,0,0,0,1.0,4,0,benign,0,0.46265119314193726,1,0.7419862747192383,xgb_benign_cnn_malicious
40462,0.001,8000.0,8,3,1,0,1,0.0,0,0,1,0.875,7,0,3,0,0,0,0,0.973325,4,1,T1078_Valid_Accounts,0,0.3245709240436554,1,0.9654507040977478,xgb_benign_cnn_malicious
40580,0.001,11000.0,11,3,1,0,1,0.0,0,1,1,0.9091,10,0,4,0,0,0,0,1.0,4,0,benign,0,0.46265119314193726,1,0.7419862747192383,xgb_benign_cnn_malicious
40737,0.001,11000.0,11,3,1,0,1,0.0,0,1,1,0.9091,10,0,4,0,0,0,0,1.0,4,0,benign,0,0.46265119314193726,1,0.7419862747192383,xgb_benign_cnn_malicious
40980,0.004,2000.026,8,3,1,0,1,0.0,0,0,1,0.875,7,0,3,0,0,0,0,1.0,4,0,benign,0,0.3759605586528778,1,0.8749561309814453,xgb_benign_cnn_malicious
41006,0.001,8000.0,8,3,1,0,1,0.0,0,0,1,0.875,7,0,3,0,0,0,0,1.0,4,0,benign,0,0.5382307767868042,1,0.9489884972572327,xgb_benign_cnn_malicious
41033,0.004,4250.055,17,3,1,1,1,0.0,0,0,1,0.8824,15,0,6,0,0,0,0,0.999004,1,0,benign,0,0.34923046827316284,1,0.9920980334281921,xgb_benign_cnn_malicious
41389,0.001,11000.0,11,3,1,0,1,0.0,0,1,1,0.9091,10,0,4,0,0,0,0,1.0,4,0,benign,0,0.46265119314193726,1,0.7419862747192383,xgb_benign_cnn_malicious
41602,0.001,5000.0,5,4,1,0,1,0.0,0,0,1,0.8,4,0,1,0,0,0,0,1.0,3,0,benign,0,0.6923177242279053,1,0.9917534589767456,xgb_benign_cnn_malicious
41995,0.001,5000.0,5,4,1,0,1,0.0,0,0,1,0.8,4,0,1,0,0,0,0,0.999949,3,1,T1078_Valid_Accounts,0,0.6828815937042236,1,0.9918093085289001,xgb_benign_cnn_malicious
42331,0.001,5000.0,5,4,1,0,1,0.0,0,0,1,0.8,4,0,1,0,0,0,0,1.0,3,0,benign,0,0.6923177242279053,1,0.9917534589767456,xgb_benign_cnn_malicious
42579,0.001,8000.0,8,3,1,0,1,0.0,0,0,1,0.875,7,0,3,0,0,0,0,1.0,4,1,T1078_Valid_Accounts,0,0.5382307767868042,1,0.9489884972572327,xgb_benign_cnn_malicious
42682,0.001,8000.0,8,3,1,0,1,0.0,0,0,1,0.875,7,0,3,0,0,0,0,1.0,4,1,T1078_Valid_Accounts,0,0.5382307767868042,1,0.9489884972572327,xgb_benign_cnn_malicious
42740,0.004,2000.026,8,3,1,0,1,0.0,0,0,1,0.875,7,0,3,0,0,0,0,1.0,4,0,benign,0,0.3759605586528778,1,0.8749561309814453,xgb_benign_cnn_malicious
42776,0.001,8000.0,8,3,1,0,1,0.0,0,0,1,0.875,7,0,3,0,0,0,0,1.0,4,0,benign,0,0.5382307767868042,1,0.9489884972572327,xgb_benign_cnn_malicious
43620,0.001,15000.0,15,3,1,0,1,0.0,0,0,1,0.8667,13,0,5,0,0,0,0,1.0,4,0,benign,0,0.5974626541137695,1,0.8567609786987305,xgb_benign_cnn_malicious
43715,0.001,8000.0,8,3,1,0,1,0.0,0,0,1,0.875,7,0,3,0,0,0,0,1.0,4,0,benign,0,0.5382307767868042,1,0.9489884972572327,xgb_benign_cnn_malicious
43928,0.001,5000.0,5,4,1,0,1,0.0,0,0,1,0.8,4,0,1,0,0,0,0,1.0,3,1,T1078_Valid_Accounts,0,0.6923177242279053,1,0.9917534589767456,xgb_benign_cnn_malicious
43955,0.001,8000.0,8,3,1,0,1,0.0,0,0,1,0.875,7,0,3,0,0,0,0,1.0,4,1,T1078_Valid_Accounts,0,0.5382307767868042,1,0.9489884972572327,xgb_benign_cnn_malicious
44011,0.001,11000.0,11,3,1,0,1,0.0,0,1,1,0.9091,10,0,4,0,0,0,0,1.0,4,0,benign,0,0.46265119314193726,1,0.7419862747192383,xgb_benign_cnn_malicious
44333,0.001,8000.0,8,3,1,0,1,0.0,0,0,1,0.875,7,0,3,0,0,0,0,0.973325,4,1,T1078_Valid_Accounts,0,0.3245709240436554,1,0.9654507040977478,xgb_benign_cnn_malicious
44349,0.001,8000.0,8,3,1,0,1,0.0,0,0,1,0.875,7,0,3,0,0,0,0,1.0,4,1,T1078_Valid_Accounts,0,0.5382307767868042,1,0.9489884972572327,xgb_benign_cnn_malicious
44656,0.001,8000.0,8,3,1,0,1,0.0,0,0,1,0.875,7,0,3,0,0,0,0,1.0,4,0,benign,0,0.5382307767868042,1,0.9489884972572327,xgb_benign_cnn_malicious
45040,0.001,8000.0,8,3,1,0,1,0.0,0,0,1,0.875,7,0,3,0,0,0,0,1.0,4,0,benign,0,0.5382307767868042,1,0.9489884972572327,xgb_benign_cnn_malicious
45450,0.001,8000.0,8,3,1,0,1,0.0,0,0,1,0.875,7,0,3,0,0,0,0,0.973325,4,0,benign,0,0.3245709240436554,1,0.9654507040977478,xgb_benign_cnn_malicious
45451,0.001,11000.0,11,3,1,0,1,0.0,0,1,1,0.9091,10,0,4,0,0,0,0,1.0,4,0,benign,0,0.46265119314193726,1,0.7419862747192383,xgb_benign_cnn_malicious
45728,0.004,3000.039,12,3,1,1,1,0.0,0,0,1,0.9167,11,0,5,0,0,0,0,0.999504,1,0,benign,0,0.47639450430870056,1,0.9780054688453674,xgb_benign_cnn_malicious
45753,0.001,11000.0,11,3,1,0,1,0.0,0,1,1,0.9091,10,0,4,0,0,0,0,1.0,4,0,benign,0,0.46265119314193726,1,0.7419862747192383,xgb_benign_cnn_malicious
46001,0.001,8000.0,8,3,1,0,1,0.0,0,0,1,0.875,7,0,3,0,0,0,0,1.0,4,0,benign,0,0.5382307767868042,1,0.9489884972572327,xgb_benign_cnn_malicious
46106,0.001,8000.0,8,3,1,0,1,0.0,0,0,1,0.875,7,0,3,0,0,0,0,1.0,4,0,benign,0,0.5382307767868042,1,0.9489884972572327,xgb_benign_cnn_malicious
46392,0.001,8000.0,8,3,1,0,1,0.0,0,0,1,0.875,7,0,3,0,0,0,0,1.0,4,0,benign,0,0.5382307767868042,1,0.9489884972572327,xgb_benign_cnn_malicious
46440,0.001,11000.0,11,3,1,0,1,0.0,0,1,1,0.9091,10,0,4,0,0,0,0,1.0,4,0,benign,0,0.46265119314193726,1,0.7419862747192383,xgb_benign_cnn_malicious
46596,0.001,11000.0,11,3,1,0,1,0.0,0,1,1,0.9091,10,0,4,0,0,0,0,1.0,4,0,benign,0,0.46265119314193726,1,0.7419862747192383,xgb_benign_cnn_malicious
46654,0.001,11000.0,11,3,1,0,1,0.0,0,1,1,0.9091,10,0,4,0,0,0,0,1.0,4,0,benign,0,0.46265119314193726,1,0.7419862747192383,xgb_benign_cnn_malicious
46940,0.001,5000.0,5,4,1,0,1,0.0,0,0,1,0.8,4,0,1,0,0,0,0,1.0,3,0,benign,0,0.6923177242279053,1,0.9917534589767456,xgb_benign_cnn_malicious
47032,0.001,5000.0,5,4,1,0,1,0.0,0,0,1,0.8,4,0,1,0,0,0,0,1.0,3,1,T1078_Valid_Accounts,0,0.6923177242279053,1,0.9917534589767456,xgb_benign_cnn_malicious
47702,0.001,8000.0,8,3,1,0,1,0.0,0,0,1,0.875,7,0,3,0,0,0,0,0.973325,4,0,benign,0,0.3245709240436554,1,0.9654507040977478,xgb_benign_cnn_malicious
47761,0.001,11000.0,11,3,1,0,1,0.0,0,1,1,0.9091,10,0,4,0,0,0,0,1.0,4,0,benign,0,0.46265119314193726,1,0.7419862747192383,xgb_benign_cnn_malicious
47897,0.001,8000.0,8,3,1,0,1,0.0,0,0,1,0.875,7,0,3,0,0,0,0,1.0,4,1,T1078_Valid_Accounts,0,0.5382307767868042,1,0.9489884972572327,xgb_benign_cnn_malicious
48840,0.016,937.498,15,3,1,0,1,0.0,0,0,1,0.8667,13,0,5,0,0,0,0,1.0,1,0,benign,0,0.6700179576873779,1,0.9232909083366394,xgb_benign_cnn_malicious
49239,0.001,8000.0,8,3,1,0,1,0.0,0,0,1,0.875,7,0,3,0,0,0,0,1.0,4,0,benign,0,0.5382307767868042,1,0.9489884972572327,xgb_benign_cnn_malicious
49317,0.001,8000.0,8,3,1,0,1,0.0,0,0,1,0.875,7,0,3,0,0,0,0,1.0,4,0,benign,0,0.5382307767868042,1,0.9489884972572327,xgb_benign_cnn_malicious
49518,0.001,11000.0,11,3,1,0,1,0.0,0,1,1,0.9091,10,0,4,0,0,0,0,1.0,4,0,benign,0,0.46265119314193726,1,0.7419862747192383,xgb_benign_cnn_malicious
49915,0.001,8000.0,8,3,1,0,1,0.0,0,0,1,0.875,7,0,3,0,0,0,0,1.0,4,0,benign,0,0.5382307767868042,1,0.9489884972572327,xgb_benign_cnn_malicious
50145,0.001,5000.0,5,4,1,0,1,0.0,0,0,1,0.8,4,0,1,0,0,0,0,1.0,3,1,T1078_Valid_Accounts,0,0.6923177242279053,1,0.9917534589767456,xgb_benign_cnn_malicious
50358,0.001,5000.0,5,4,1,0,1,0.0,0,0,1,0.8,4,0,1,0,0,0,0,1.0,3,1,T1078_Valid_Accounts,0,0.6923177242279053,1,0.9917534589767456,xgb_benign_cnn_malicious
50705,0.001,8000.0,8,3,1,0,1,0.0,0,0,1,0.875,7,0,3,0,0,0,0,1.0,4,0,benign,0,0.5382307767868042,1,0.9489884972572327,xgb_benign_cnn_malicious
50983,0.001,5000.0,5,4,1,0,1,0.0,0,0,1,0.8,4,0,1,0,0,0,0,1.0,3,0,benign,0,0.6923177242279053,1,0.9917534589767456,xgb_benign_cnn_malicious
51043,0.001,8000.0,8,3,1,0,1,0.0,0,0,1,0.875,7,0,3,0,0,0,0,0.973325,4,0,benign,0,0.3245709240436554,1,0.9654507040977478,xgb_benign_cnn_malicious
51225,0.001,8000.0,8,3,1,0,1,0.0,0,0,1,0.875,7,0,3,0,0,0,0,1.0,4,1,T1078_Valid_Accounts,0,0.5382307767868042,1,0.9489884972572327,xgb_benign_cnn_malicious
51735,0.001,5000.0,5,4,1,0,1,0.0,0,0,1,0.8,4,0,1,0,0,0,0,1.0,3,0,benign,0,0.6923177242279053,1,0.9917534589767456,xgb_benign_cnn_malicious
52204,0.001,11000.0,11,3,1,0,1,0.0,0,1,1,0.9091,10,0,4,0,0,0,0,1.0,4,0,benign,0,0.46265119314193726,1,0.7419862747192383,xgb_benign_cnn_malicious
52249,0.001,5000.0,5,4,1,0,1,0.0,0,0,1,0.8,4,0,1,0,0,0,0,1.0,3,0,benign,0,0.6923177242279053,1,0.9917534589767456,xgb_benign_cnn_malicious
52500,0.001,11000.0,11,3,1,0,1,0.0,0,1,1,0.9091,10,0,4,0,0,0,0,1.0,4,0,benign,0,0.46265119314193726,1,0.7419862747192383,xgb_benign_cnn_malicious
52753,0.001,11000.0,11,3,1,0,1,0.0,0,1,1,0.9091,10,0,4,0,0,0,0,1.0,4,0,benign,0,0.46265119314193726,1,0.7419862747192383,xgb_benign_cnn_malicious
53538,0.001,8000.0,8,3,1,0,1,0.0,0,0,1,0.875,7,0,3,0,0,0,0,1.0,4,1,T1078_Valid_Accounts,0,0.5382307767868042,1,0.9489884972572327,xgb_benign_cnn_malicious
53632,0.001,8000.0,8,3,1,0,1,0.0,0,0,1,0.875,7,0,3,0,0,0,0,1.0,4,1,T1078_Valid_Accounts,0,0.5382307767868042,1,0.9489884972572327,xgb_benign_cnn_malicious
53768,0.001,11000.0,11,3,1,0,1,0.0,0,1,1,0.9091,10,0,4,0,0,0,0,1.0,4,0,benign,0,0.46265119314193726,1,0.7419862747192383,xgb_benign_cnn_malicious
54130,0.001,11000.0,11,3,1,0,1,0.0,0,1,1,0.9091,10,0,4,0,0,0,0,1.0,4,0,benign,0,0.46265119314193726,1,0.7419862747192383,xgb_benign_cnn_malicious
54255,0.001,11000.0,11,3,1,0,1,0.0,0,1,1,0.9091,10,0,4,0,0,0,0,1.0,4,0,benign,0,0.46265119314193726,1,0.7419862747192383,xgb_benign_cnn_malicious
54437,0.004,2750.035,11,3,1,0,1,0.0,0,1,1,0.9091,10,0,4,0,0,0,0,1.0,4,1,T1078_Valid_Accounts,0,0.4733957052230835,1,0.7533184885978699,xgb_benign_cnn_malicious
54730,0.001,11000.0,11,3,1,0,1,0.0,0,1,1,0.9091,10,0,4,0,0,0,0,1.0,4,0,benign,0,0.46265119314193726,1,0.7419862747192383,xgb_benign_cnn_malicious
55022,0.001,5000.0,5,4,1,0,1,0.0,0,0,1,0.8,4,0,1,0,0,0,0,1.0,3,0,benign,0,0.6923177242279053,1,0.9917534589767456,xgb_benign_cnn_malicious
55403,0.001,8000.0,8,3,1,0,1,0.0,0,0,1,0.875,7,0,3,0,0,0,0,1.0,4,0,benign,0,0.5382307767868042,1,0.9489884972572327,xgb_benign_cnn_malicious
55416,0.001,5000.0,5,4,1,0,1,0.0,0,0,1,0.8,4,0,1,0,0,0,0,1.0,3,1,T1078_Valid_Accounts,0,0.6923177242279053,1,0.9917534589767456,xgb_benign_cnn_malicious
55465,0.001,5000.0,5,4,1,0,1,0.0,0,0,1,0.8,4,0,1,0,0,0,0,1.0,3,0,benign,0,0.6923177242279053,1,0.9917534589767456,xgb_benign_cnn_malicious
55642,0.001,5000.0,5,4,1,0,1,0.0,0,0,1,0.8,4,0,1,0,0,0,0,1.0,3,1,T1078_Valid_Accounts,0,0.6923177242279053,1,0.9917534589767456,xgb_benign_cnn_malicious
55685,0.004,1999.907,8,3,1,0,1,0.0,0,0,1,0.875,7,0,3,0,0,0,0,0.973325,3,1,T1078_Valid_Accounts,0,0.6607770323753357,1,0.9975231885910034,xgb_benign_cnn_malicious
55776,0.001,8000.0,8,3,1,0,1,0.0,0,0,1,0.875,7,0,3,0,0,0,0,0.973325,4,0,benign,0,0.3245709240436554,1,0.9654507040977478,xgb_benign_cnn_malicious
55828,0.001,8000.0,8,3,1,0,1,0.0,0,0,1,0.875,7,0,3,0,0,0,0,0.973325,4,1,T1078_Valid_Accounts,0,0.3245709240436554,1,0.9654507040977478,xgb_benign_cnn_malicious
56116,0.001,8000.0,8,3,1,0,1,0.0,0,0,1,0.875,7,0,3,0,0,0,0,1.0,4,1,T1078_Valid_Accounts,0,0.5382307767868042,1,0.9489884972572327,xgb_benign_cnn_malicious
56189,0.001,11000.0,11,3,1,0,1,0.0,0,1,1,0.9091,10,0,4,0,0,0,0,1.0,4,0,benign,0,0.46265119314193726,1,0.7419862747192383,xgb_benign_cnn_malicious
56569,0.001,5000.0,5,4,1,0,1,0.0,0,0,1,0.8,4,0,1,0,0,0,0,1.0,3,0,benign,0,0.6923177242279053,1,0.9917534589767456,xgb_benign_cnn_malicious
56589,0.001,8000.0,8,3,1,0,1,0.0,0,0,1,0.875,7,0,3,0,0,0,0,1.0,4,0,benign,0,0.5382307767868042,1,0.9489884972572327,xgb_benign_cnn_malicious
56670,0.001,8000.0,8,3,1,0,1,0.0,0,0,1,0.875,7,0,3,0,0,0,0,0.999878,4,0,benign,0,0.5500925183296204,1,0.9490213990211487,xgb_benign_cnn_malicious
56838,0.001,9000.0,9,3,1,0,1,0.0,0,0,1,0.8889,8,0,3,0,0,0,0,0.973325,4,0,benign,0,0.619727611541748,1,0.9672528505325317,xgb_benign_cnn_malicious
56911,0.001,11000.0,11,3,1,0,1,0.0,0,1,1,0.9091,10,0,4,0,0,0,0,1.0,4,1,T1078_Valid_Accounts,0,0.46265119314193726,1,0.7419862747192383,xgb_benign_cnn_malicious
57055,0.004,2000.026,8,3,1,0,1,0.0,0,0,1,0.875,7,0,3,0,0,0,0,1.0,4,1,T1078_Valid_Accounts,0,0.3759605586528778,1,0.8749561309814453,xgb_benign_cnn_malicious
57150,0.001,8000.0,8,3,1,0,1,0.0,0,0,1,0.875,7,0,3,0,0,0,0,1.0,4,0,benign,0,0.5382307767868042,1,0.9489884972572327,xgb_benign_cnn_malicious
57362,0.001,8000.0,8,3,1,0,1,0.0,0,0,1,0.875,7,0,3,0,0,0,0,0.973325,4,0,benign,0,0.3245709240436554,1,0.9654507040977478,xgb_benign_cnn_malicious
57470,0.001,8000.0,8,3,1,0,1,0.0,0,0,1,0.875,7,0,3,0,0,0,0,1.0,4,1,T1078_Valid_Accounts,0,0.5382307767868042,1,0.9489884972572327,xgb_benign_cnn_malicious
57629,0.001,5000.0,5,4,1,0,1,0.0,0,0,1,0.8,4,0,1,0,0,0,0,1.0,3,1,T1078_Valid_Accounts,0,0.6923177242279053,1,0.9917534589767456,xgb_benign_cnn_malicious
57693,0.004,2500.032,10,3,1,0,1,0.0,0,1,1,0.9,9,0,4,0,0,0,0,0.973325,1,0,benign,0,0.6632530093193054,1,0.8552455306053162,xgb_benign_cnn_malicious
57840,0.001,8000.0,8,3,1,0,1,0.0,0,0,1,0.875,7,0,3,0,0,0,0,1.0,4,0,benign,0,0.5382307767868042,1,0.9489884972572327,xgb_benign_cnn_malicious
58188,0.001,8000.0,8,3,1,0,1,0.0,0,0,1,0.875,7,0,3,0,0,0,0,1.0,4,1,T1078_Valid_Accounts,0,0.5382307767868042,1,0.9489884972572327,xgb_benign_cnn_malicious
58508,0.012,666.662,8,3,1,0,1,0.0,0,0,1,0.875,7,0,3,0,0,0,0,1.0,4,0,benign,0,0.38365018367767334,1,0.9551754593849182,xgb_benign_cnn_malicious
58526,0.001,2000.0,2,2,1,1,1,0.0,0,0,1,1.0,2,0,1,0,0,0,0,0.999949,1,0,benign,0,0.3849628269672394,1,0.8491681218147278,xgb_benign_cnn_malicious
58718,0.001,5000.0,5,4,1,0,1,0.0,0,0,1,0.8,4,0,1,0,0,0,0,1.0,3,1,T1078_Valid_Accounts,0,0.6923177242279053,1,0.9917534589767456,xgb_benign_cnn_malicious
60020,0.001,8000.0,8,3,1,0,1,0.0,0,0,1,0.875,7,0,3,0,0,0,0,1.0,4,0,benign,0,0.5382307767868042,1,0.9489884972572327,xgb_benign_cnn_malicious
60429,0.001,11000.0,11,3,1,0,1,0.0,0,1,1,0.9091,10,0,4,0,0,0,0,1.0,4,0,benign,0,0.46265119314193726,1,0.7419862747192383,xgb_benign_cnn_malicious
61200,0.001,11000.0,11,3,1,0,1,0.0,0,1,1,0.9091,10,0,4,0,0,0,0,1.0,4,0,benign,0,0.46265119314193726,1,0.7419862747192383,xgb_benign_cnn_malicious
61362,0.001,5000.0,5,4,1,0,1,0.0,0,0,1,0.8,4,0,1,0,0,0,0,1.0,3,1,T1078_Valid_Accounts,0,0.6923177242279053,1,0.9917534589767456,xgb_benign_cnn_malicious
61423,0.001,11000.0,11,3,1,0,1,0.0,0,1,1,0.9091,10,0,4,0,0,0,0,1.0,4,0,benign,0,0.46265119314193726,1,0.7419862747192383,xgb_benign_cnn_malicious
61486,0.001,11000.0,11,3,1,0,1,0.0,0,1,1,0.9091,10,0,4,0,0,0,0,1.0,4,0,benign,0,0.46265119314193726,1,0.7419862747192383,xgb_benign_cnn_malicious
61578,0.001,8000.0,8,3,1,0,1,0.0,0,0,1,0.875,7,0,3,0,0,0,0,1.0,4,1,T1078_Valid_Accounts,0,0.5382307767868042,1,0.9489884972572327,xgb_benign_cnn_malicious
61719,0.001,14000.0,14,2,1,0,1,0.0,0,0,1,1.0,14,0,7,0,0,0,0,0.999579,1,0,benign,0,0.694502592086792,1,0.9362074136734009,xgb_benign_cnn_malicious
62242,0.001,11000.0,11,3,1,0,1,0.0,0,1,1,0.9091,10,0,4,0,0,0,0,1.0,4,0,benign,0,0.46265119314193726,1,0.7419862747192383,xgb_benign_cnn_malicious
62578,0.001,8000.0,8,3,1,0,1,0.0,0,0,1,0.875,7,0,3,0,0,0,0,1.0,4,1,T1078_Valid_Accounts,0,0.5382307767868042,1,0.9489884972572327,xgb_benign_cnn_malicious
62731,0.001,8000.0,8,3,1,0,1,0.0,0,0,1,0.875,7,0,3,0,0,0,0,1.0,4,0,benign,0,0.5382307767868042,1,0.9489884972572327,xgb_benign_cnn_malicious
62945,0.001,5000.0,5,4,1,0,1,0.0,0,0,1,0.8,4,0,1,0,0,0,0,1.0,3,0,benign,0,0.6923177242279053,1,0.9917534589767456,xgb_benign_cnn_malicious
63440,0.001,8000.0,8,3,1,0,1,0.0,0,0,1,0.875,7,0,3,0,0,0,0,1.0,4,0,benign,0,0.5382307767868042,1,0.9489884972572327,xgb_benign_cnn_malicious
63551,0.001,5000.0,5,4,1,0,1,0.0,0,0,1,0.8,4,0,1,0,0,0,0,1.0,3,0,benign,0,0.6923177242279053,1,0.9917534589767456,xgb_benign_cnn_malicious
63605,0.001,8000.0,8,3,1,0,1,0.0,0,0,1,0.875,7,0,3,0,0,0,0,1.0,4,1,T1078_Valid_Accounts,0,0.5382307767868042,1,0.9489884972572327,xgb_benign_cnn_malicious
64295,0.001,5000.0,5,4,1,0,1,0.0,0,0,1,0.8,4,0,1,0,0,0,0,1.0,3,0,benign,0,0.6923177242279053,1,0.9917534589767456,xgb_benign_cnn_malicious
64546,0.001,8000.0,8,3,1,0,1,0.0,0,0,1,0.875,7,0,3,0,0,0,0,1.0,4,1,T1078_Valid_Accounts,0,0.5382307767868042,1,0.9489884972572327,xgb_benign_cnn_malicious
64766,0.001,8000.0,8,3,1,0,1,0.0,0,0,1,0.875,7,0,3,0,0,0,0,1.0,4,0,benign,0,0.5382307767868042,1,0.9489884972572327,xgb_benign_cnn_malicious
65351,0.001,5000.0,5,4,1,0,1,0.0,0,0,1,0.8,4,0,1,0,0,0,0,1.0,3,0,benign,0,0.6923177242279053,1,0.9917534589767456,xgb_benign_cnn_malicious
65408,0.001,8000.0,8,3,1,0,1,0.0,0,0,1,0.875,7,0,3,0,0,0,0,1.0,4,1,T1078_Valid_Accounts,0,0.5382307767868042,1,0.9489884972572327,xgb_benign_cnn_malicious
65497,0.001,5000.0,5,4,1,0,1,0.0,0,0,1,0.8,4,0,1,0,0,0,0,1.0,3,0,benign,0,0.6923177242279053,1,0.9917534589767456,xgb_benign_cnn_malicious
65562,0.001,8000.0,8,3,1,0,1,0.0,0,0,1,0.875,7,0,3,0,0,0,0,1.0,4,1,T1078_Valid_Accounts,0,0.5382307767868042,1,0.9489884972572327,xgb_benign_cnn_malicious
65567,0.004,1999.907,8,3,1,0,1,0.0,0,0,1,0.875,7,0,3,0,0,0,0,0.973325,3,0,benign,0,0.6607770323753357,1,0.9975231885910034,xgb_benign_cnn_malicious
65767,0.004,2000.026,8,3,1,0,1,0.0,0,0,1,0.875,7,0,3,0,0,0,0,1.0,4,0,benign,0,0.3759605586528778,1,0.8749561309814453,xgb_benign_cnn_malicious
65900,0.001,5000.0,5,4,1,0,1,0.0,0,0,1,0.8,4,0,1,0,0,0,0,1.0,3,0,benign,0,0.6923177242279053,1,0.9917534589767456,xgb_benign_cnn_malicious
65915,0.001,8000.0,8,3,1,0,1,0.0,0,0,1,0.875,7,0,3,0,0,0,0,1.0,4,0,benign,0,0.5382307767868042,1,0.9489884972572327,xgb_benign_cnn_malicious
65944,0.001,14000.0,14,3,1,0,1,0.0,0,1,1,0.8571,12,0,5,0,0,0,0,1.0,4,1,T1078_Valid_Accounts,0,0.612684965133667,1,0.7579640746116638,xgb_benign_cnn_malicious
65956,0.001,15000.0,15,3,1,0,1,0.0,0,0,1,0.8667,13,0,5,0,0,0,0,1.0,4,0,benign,0,0.5974626541137695,1,0.8567609786987305,xgb_benign_cnn_malicious
66139,0.001,8000.0,8,3,1,0,1,0.0,0,0,1,0.875,7,0,3,0,0,0,0,1.0,4,1,T1078_Valid_Accounts,0,0.5382307767868042,1,0.9489884972572327,xgb_benign_cnn_malicious
66363,0.001,8000.0,8,3,1,0,1,0.0,0,0,1,0.875,7,0,3,0,0,0,0,1.0,4,1,T1078_Valid_Accounts,0,0.5382307767868042,1,0.9489884972572327,xgb_benign_cnn_malicious
66781,0.001,11000.0,11,3,1,0,1,0.0,0,1,1,0.9091,10,0,4,0,0,0,0,1.0,4,0,benign,0,0.46265119314193726,1,0.7419862747192383,xgb_benign_cnn_malicious
66802,0.001,11000.0,11,3,1,0,1,0.0,0,1,1,0.9091,10,0,4,0,0,0,0,1.0,4,0,benign,0,0.46265119314193726,1,0.7419862747192383,xgb_benign_cnn_malicious
66809,0.001,5000.0,5,4,1,0,1,0.0,0,0,1,0.8,4,0,1,0,0,0,0,1.0,3,1,T1078_Valid_Accounts,0,0.6923177242279053,1,0.9917534589767456,xgb_benign_cnn_malicious
66826,0.001,8000.0,8,3,1,0,1,0.0,0,0,1,0.75,6,0,2,0,0,0,0,1.0,3,1,T1078_Valid_Accounts,0,0.5248250365257263,1,0.9974316954612732,xgb_benign_cnn_malicious
67123,0.001,8000.0,8,3,1,0,1,0.0,0,0,1,0.875,7,0,3,0,0,0,0,1.0,4,0,benign,0,0.5382307767868042,1,0.9489884972572327,xgb_benign_cnn_malicious
67225,0.001,8000.0,8,3,1,0,1,0.0,0,0,1,0.75,6,0,2,0,0,0,0,1.0,3,1,T1078_Valid_Accounts,0,0.5248250365257263,1,0.9974316954612732,xgb_benign_cnn_malicious
67315,0.001,5000.0,5,4,1,0,1,0.0,0,0,1,0.8,4,0,1,0,0,0,0,1.0,3,1,T1078_Valid_Accounts,0,0.6923177242279053,1,0.9917534589767456,xgb_benign_cnn_malicious
67450,0.004,2750.035,11,3,1,0,1,0.0,0,1,1,0.9091,10,0,4,0,0,0,0,1.0,4,0,benign,0,0.4733957052230835,1,0.7533184885978699,xgb_benign_cnn_malicious
67729,0.001,11000.0,11,3,1,0,1,0.0,0,1,1,0.9091,10,0,4,0,0,0,0,1.0,4,0,benign,0,0.46265119314193726,1,0.7419862747192383,xgb_benign_cnn_malicious
67911,0.001,9000.0,9,3,1,0,1,0.0,0,0,1,0.8889,8,0,3,0,0,0,0,0.973325,4,1,T1078_Valid_Accounts,0,0.619727611541748,1,0.9672528505325317,xgb_benign_cnn_malicious
68348,0.001,11000.0,11,3,1,0,1,0.0,0,1,1,0.9091,10,0,4,0,0,0,0,1.0,4,0,benign,0,0.46265119314193726,1,0.7419862747192383,xgb_benign_cnn_malicious
69037,0.001,8000.0,8,3,1,0,1,0.0,0,0,1,0.875,7,0,3,0,0,0,0,1.0,4,1,T1078_Valid_Accounts,0,0.5382307767868042,1,0.9489884972572327,xgb_benign_cnn_malicious
69299,0.001,11000.0,11,3,1,0,1,0.0,0,1,1,0.9091,10,0,4,0,0,0,0,1.0,4,0,benign,0,0.46265119314193726,1,0.7419862747192383,xgb_benign_cnn_malicious
69322,0.001,11000.0,11,3,1,0,1,0.0,0,1,1,0.9091,10,0,4,0,0,0,0,1.0,4,0,benign,0,0.46265119314193726,1,0.7419862747192383,xgb_benign_cnn_malicious
69488,0.001,8000.0,8,3,1,0,1,0.0,0,0,1,0.875,7,0,3,0,0,0,0,1.0,4,0,benign,0,0.5382307767868042,1,0.9489884972572327,xgb_benign_cnn_malicious
69529,0.001,11000.0,11,3,1,0,1,0.0,0,1,1,0.9091,10,0,4,0,0,0,0,1.0,4,0,benign,0,0.46265119314193726,1,0.7419862747192383,xgb_benign_cnn_malicious
69988,0.001,8000.0,8,3,1,0,1,0.0,0,0,1,0.875,7,0,3,0,0,0,0,1.0,4,0,benign,0,0.5382307767868042,1,0.9489884972572327,xgb_benign_cnn_malicious
70084,0.001,11000.0,11,3,1,0,1,0.0,0,1,1,0.9091,10,0,4,0,0,0,0,1.0,4,0,benign,0,0.46265119314193726,1,0.7419862747192383,xgb_benign_cnn_malicious
70111,0.001,11000.0,11,3,1,0,1,0.0,0,1,1,0.9091,10,0,4,0,0,0,0,1.0,4,0,benign,0,0.46265119314193726,1,0.7419862747192383,xgb_benign_cnn_malicious
70202,0.001,5000.0,5,4,1,0,1,0.0,0,0,1,0.8,4,0,1,0,0,0,0,1.0,3,1,T1078_Valid_Accounts,0,0.6923177242279053,1,0.9917534589767456,xgb_benign_cnn_malicious
70364,0.001,8000.0,8,3,1,0,1,0.0,0,0,1,0.875,7,0,3,0,0,0,0,1.0,4,0,benign,0,0.5382307767868042,1,0.9489884972572327,xgb_benign_cnn_malicious
70727,0.001,5000.0,5,4,1,0,1,0.0,0,0,1,0.8,4,0,1,0,0,0,0,1.0,3,0,benign,0,0.6923177242279053,1,0.9917534589767456,xgb_benign_cnn_malicious
71346,0.001,9000.0,9,3,1,0,1,0.0,0,0,1,0.8889,8,0,3,0,0,0,0,0.973325,4,0,benign,0,0.619727611541748,1,0.9672528505325317,xgb_benign_cnn_malicious
72057,0.001,8000.0,8,3,1,0,1,0.0,0,0,1,0.875,7,0,3,0,0,0,0,1.0,4,0,benign,0,0.5382307767868042,1,0.9489884972572327,xgb_benign_cnn_malicious
72342,0.001,11000.0,11,3,1,0,1,0.0,0,1,1,0.9091,10,0,4,0,0,0,0,1.0,4,0,benign,0,0.46265119314193726,1,0.7419862747192383,xgb_benign_cnn_malicious
72715,0.001,8000.0,8,3,1,0,1,0.0,0,0,1,0.875,7,0,3,0,0,0,0,1.0,4,0,benign,0,0.5382307767868042,1,0.9489884972572327,xgb_benign_cnn_malicious
72818,0.001,5000.0,5,4,1,0,1,0.0,0,0,1,0.8,4,0,1,0,0,0,0,1.0,3,1,T1078_Valid_Accounts,0,0.6923177242279053,1,0.9917534589767456,xgb_benign_cnn_malicious
73142,0.001,8000.0,8,3,1,0,1,0.0,0,0,1,0.875,7,0,3,0,0,0,0,1.0,4,1,T1078_Valid_Accounts,0,0.5382307767868042,1,0.9489884972572327,xgb_benign_cnn_malicious
73425,0.001,8000.0,8,3,1,0,1,0.0,0,0,1,0.875,7,0,3,0,0,0,0,1.0,4,0,benign,0,0.5382307767868042,1,0.9489884972572327,xgb_benign_cnn_malicious
73946,0.001,11000.0,11,3,1,0,1,0.0,0,1,1,0.9091,10,0,4,0,0,0,0,1.0,4,0,benign,0,0.46265119314193726,1,0.7419862747192383,xgb_benign_cnn_malicious
74345,0.001,8000.0,8,3,1,0,1,0.0,0,0,1,0.875,7,0,3,0,0,0,0,1.0,4,0,benign,0,0.5382307767868042,1,0.9489884972572327,xgb_benign_cnn_malicious
74518,0.001,5000.0,5,4,1,0,1,0.0,0,0,1,0.8,4,0,1,0,0,0,0,1.0,3,1,T1078_Valid_Accounts,0,0.6923177242279053,1,0.9917534589767456,xgb_benign_cnn_malicious
74751,0.004,2750.035,11,3,1,0,1,0.0,0,1,1,0.9091,10,0,4,0,0,0,0,1.0,4,0,benign,0,0.4733957052230835,1,0.7533184885978699,xgb_benign_cnn_malicious
74845,0.001,5000.0,5,4,1,0,1,0.0,0,0,1,0.8,4,0,1,0,0,0,0,1.0,3,0,benign,0,0.6923177242279053,1,0.9917534589767456,xgb_benign_cnn_malicious
75028,0.001,11000.0,11,3,1,0,1,0.0,0,1,1,0.9091,10,0,4,0,0,0,0,1.0,4,0,benign,0,0.46265119314193726,1,0.7419862747192383,xgb_benign_cnn_malicious
75296,0.001,5000.0,5,4,1,0,1,0.0,0,0,1,0.8,4,0,1,0,0,0,0,1.0,3,1,T1078_Valid_Accounts,0,0.6923177242279053,1,0.9917534589767456,xgb_benign_cnn_malicious
76261,0.001,8000.0,8,3,1,0,1,0.0,0,0,1,0.875,7,0,3,0,0,0,0,1.0,4,0,benign,0,0.5382307767868042,1,0.9489884972572327,xgb_benign_cnn_malicious
76356,0.001,5000.0,5,4,1,0,1,0.0,0,0,1,0.8,4,0,1,0,0,0,0,1.0,3,0,benign,0,0.6923177242279053,1,0.9917534589767456,xgb_benign_cnn_malicious
77270,0.001,11000.0,11,3,1,0,1,0.0,0,1,1,0.9091,10,0,4,0,0,0,0,1.0,4,0,benign,0,0.46265119314193726,1,0.7419862747192383,xgb_benign_cnn_malicious
77462,0.001,5000.0,5,4,1,0,1,0.0,0,0,1,0.8,4,0,1,0,0,0,0,1.0,3,1,T1078_Valid_Accounts,0,0.6923177242279053,1,0.9917534589767456,xgb_benign_cnn_malicious
77639,0.001,5000.0,5,4,1,0,1,0.0,0,0,1,0.8,4,0,1,0,0,0,0,1.0,3,0,benign,0,0.6923177242279053,1,0.9917534589767456,xgb_benign_cnn_malicious
77791,0.001,11000.0,11,3,1,0,1,0.0,0,1,1,0.9091,10,0,4,0,0,0,0,1.0,4,0,benign,0,0.46265119314193726,1,0.7419862747192383,xgb_benign_cnn_malicious
78207,0.001,8000.0,8,3,1,0,1,0.0,0,0,1,0.75,6,0,2,0,0,0,0,1.0,3,0,benign,0,0.5248250365257263,1,0.9974316954612732,xgb_benign_cnn_malicious
78376,0.001,5000.0,5,4,1,0,1,0.0,0,0,1,0.8,4,0,1,0,0,0,0,1.0,3,0,benign,0,0.6923177242279053,1,0.9917534589767456,xgb_benign_cnn_malicious
78521,0.004,2000.026,8,3,1,0,1,0.0,0,0,1,0.875,7,0,3,0,0,0,0,1.0,4,0,benign,0,0.3759605586528778,1,0.8749561309814453,xgb_benign_cnn_malicious
78691,0.001,5000.0,5,4,1,0,1,0.0,0,0,1,0.8,4,0,1,0,0,0,0,1.0,3,1,T1078_Valid_Accounts,0,0.6923177242279053,1,0.9917534589767456,xgb_benign_cnn_malicious
78838,0.001,8000.0,8,3,1,0,1,0.0,0,0,1,0.875,7,0,3,0,0,0,0,0.973325,4,0,benign,0,0.3245709240436554,1,0.9654507040977478,xgb_benign_cnn_malicious
79352,0.001,8000.0,8,3,1,0,1,0.0,0,0,1,0.875,7,0,3,0,0,0,0,1.0,4,1,T1078_Valid_Accounts,0,0.5382307767868042,1,0.9489884972572327,xgb_benign_cnn_malicious
79482,0.001,5000.0,5,4,1,0,1,0.0,0,0,1,0.8,4,0,1,0,0,0,0,1.0,3,0,benign,0,0.6923177242279053,1,0.9917534589767456,xgb_benign_cnn_malicious
79549,0.001,8000.0,8,3,1,0,1,0.0,0,0,1,0.875,7,0,3,0,0,0,0,1.0,4,1,T1078_Valid_Accounts,0,0.5382307767868042,1,0.9489884972572327,xgb_benign_cnn_malicious
80225,0.001,5000.0,5,4,1,0,1,0.0,0,0,1,0.8,4,0,1,0,0,0,0,1.0,3,1,T1078_Valid_Accounts,0,0.6923177242279053,1,0.9917534589767456,xgb_benign_cnn_malicious
80548,0.001,5000.0,5,4,1,0,1,0.0,0,0,1,0.8,4,0,1,0,0,0,0,1.0,3,0,benign,0,0.6923177242279053,1,0.9917534589767456,xgb_benign_cnn_malicious
82062,0.001,5000.0,5,4,1,0,1,0.0,0,0,1,0.8,4,0,1,0,0,0,0,1.0,3,1,T1078_Valid_Accounts,0,0.6923177242279053,1,0.9917534589767456,xgb_benign_cnn_malicious
82235,0.001,11000.0,11,3,1,0,1,0.0,0,1,1,0.9091,10,0,4,0,0,0,0,1.0,4,0,benign,0,0.46265119314193726,1,0.7419862747192383,xgb_benign_cnn_malicious
82362,0.001,5000.0,5,4,1,0,1,0.0,0,0,1,0.8,4,0,1,0,0,0,0,1.0,3,0,benign,0,0.6923177242279053,1,0.9917534589767456,xgb_benign_cnn_malicious
82562,0.001,5000.0,5,4,1,0,1,0.0,0,0,1,0.8,4,0,1,0,0,0,0,1.0,3,1,T1078_Valid_Accounts,0,0.6923177242279053,1,0.9917534589767456,xgb_benign_cnn_malicious
82666,0.001,5000.0,5,4,1,0,1,0.0,0,0,1,0.8,4,0,1,0,0,0,0,1.0,3,0,benign,0,0.6923177242279053,1,0.9917534589767456,xgb_benign_cnn_malicious
83183,0.001,5000.0,5,4,1,0,1,0.0,0,0,1,0.8,4,0,1,0,0,0,0,1.0,3,0,benign,0,0.6923177242279053,1,0.9917534589767456,xgb_benign_cnn_malicious
84798,0.001,11000.0,11,3,1,0,1,0.0,0,1,1,0.9091,10,0,4,0,0,0,0,1.0,4,0,benign,0,0.46265119314193726,1,0.7419862747192383,xgb_benign_cnn_malicious
85022,0.001,5000.0,5,4,1,0,1,0.0,0,0,1,0.8,4,0,1,0,0,0,0,1.0,3,0,benign,0,0.6923177242279053,1,0.9917534589767456,xgb_benign_cnn_malicious
85041,0.024,291.668,7,7,1,0,1,0.0,0,0,1,0.1429,1,0,0,0,0,0,0,0.997847,4,0,benign,0,0.43220892548561096,1,0.9850627779960632,xgb_benign_cnn_malicious
85388,0.001,8000.0,8,3,1,0,1,0.0,0,0,1,0.875,7,0,3,0,0,0,0,1.0,4,1,T1078_Valid_Accounts,0,0.5382307767868042,1,0.9489884972572327,xgb_benign_cnn_malicious
85442,0.001,5000.0,5,4,1,0,1,0.0,0,0,1,0.8,4,0,1,0,0,0,0,1.0,3,0,benign,0,0.6923177242279053,1,0.9917534589767456,xgb_benign_cnn_malicious
86448,0.001,5000.0,5,4,1,0,1,0.0,0,0,1,0.8,4,0,1,0,0,0,0,1.0,3,0,benign,0,0.6923177242279053,1,0.9917534589767456,xgb_benign_cnn_malicious
87414,0.001,8000.0,8,3,1,0,1,0.0,0,0,1,0.875,7,0,3,0,0,0,0,1.0,4,0,benign,0,0.5382307767868042,1,0.9489884972572327,xgb_benign_cnn_malicious
87614,0.001,5000.0,5,4,1,0,1,0.0,0,0,1,0.8,4,0,1,0,0,0,0,0.921176,4,0,benign,0,0.6861697435379028,1,0.9240633249282837,xgb_benign_cnn_malicious
87850,0.001,5000.0,5,4,1,0,1,0.0,0,0,1,0.8,4,0,1,0,0,0,0,1.0,3,0,benign,0,0.6923177242279053,1,0.9917534589767456,xgb_benign_cnn_malicious
