model,train_dataset,test_dataset,repeat,seed,n_shared_features,insample_accuracy,insample_precision,insample_recall,insample_f1,insample_fpr,insample_auroc,crossdataset_accuracy,crossdataset_precision,crossdataset_recall,crossdataset_f1,crossdataset_fpr,crossdataset_auroc,f1_drop,recalibrated_accuracy,recalibrated_precision,recalibrated_recall,recalibrated_f1,recalibrated_fpr,recalibrated_auroc,recalibration_n_labeled_samples,f1_recovered_by_recalibration
xgb,CAM-LDS,CasinoLimit,0,42,17,0.9365925664808654,0.9872072332034819,0.7889841257639236,0.8770348216193121,0.004107410324114822,0.9612349564438459,0.8288618418182612,0.5555555555555556,0.0003186133945071051,0.0006368615462998344,5.263227147725628e-05,0.9604946121149792,0.8763979600730123,0.9655870445344129,0.9781121751025992,0.9859976662777129,0.9820390913893291,0.45916114790286977,0.797377829076269,81812,0.9814022298430293
xgb,CAM-LDS,CasinoLimit,1,43,17,0.9364052964374628,0.9872436699720805,0.7882922704385594,0.8766215725246308,0.004091968931918902,0.961291643036817,0.8288836539719932,1.0,0.00019116803670426305,0.00038226299694189603,0.0,0.9608636442272023,0.8762393095276889,0.9656882591093118,0.978215112607872,0.9859976662777129,0.982090971525173,0.45695364238410596,0.8191145109240731,81812,0.9817087085282311
xgb,CAM-LDS,CasinoLimit,2,44,17,0.9364163123223689,0.9872442839951865,0.7883307068455241,0.8766455804411011,0.004091968931918902,0.9612694379860338,0.8289818086637875,0.8333333333333334,0.0009558401835213152,0.0019094901661256445,3.947420360794221e-05,0.9607691095507185,0.8747360902749755,0.9657894736842105,0.9782174050299905,0.9861037445634878,0.9821447437929213,0.45695364238410596,0.817951864811772,81812,0.9802352536267956
xgb,CAM-LDS,CasinoLimit,3,45,17,0.9363281852431206,0.9872393701545722,0.7880232155898067,0.876453488372093,0.004091968931918902,0.9612517991170109,0.8288509357413951,0.0,0.0,0.0,0.0,0.9594206788382962,0.876453488372093,0.9177125506072874,0.9613324764353042,0.9520526148297443,0.9566700421041411,0.7969094922737306,0.7299059509449983,81812,0.9566700421041411
xgb,CAM-LDS,CasinoLimit,4,46,17,0.9365154552865231,0.9872029250457038,0.7887150709151709,0.8768668675084931,0.004107410324114822,0.961292383739337,0.8289272782794573,1.0,0.00044605875230994713,0.0008917197452229299,0.0,0.9607521565796963,0.8759751477632701,0.9658906882591093,0.978421052631579,0.9859976662777129,0.9821947482432504,0.45253863134657835,0.8197020394428571,81812,0.9813030284980274
xgb,CAM-LDS,CasinoLimit,5,47,17,0.9365925664808654,0.9872072332034819,0.7889841257639236,0.8770348216193121,0.004107410324114822,0.9612593723254678,0.8288509357413951,0.0,0.0,0.0,0.0,0.9606358368449457,0.8770348216193121,0.9673076923076923,0.9782517335574701,0.9876949188501114,0.9829506466086039,0.45695364238410596,0.7960608659875316,81812,0.9829506466086039
xgb,CAM-LDS,CasinoLimit,6,48,17,0.936460375861993,0.9872467394966071,0.7884844524733828,0.8767416018463117,0.004091968931918902,0.9613067200128694,0.8289163722025913,0.7142857142857143,0.0006372267890142102,0.0012733176290825746,5.263227147725628e-05,0.9605393695012574,0.8754682842172291,0.9652834008097166,0.977803492531033,0.9859976662777129,0.9818834838641526,0.46578366445916114,0.7945296388116327,81812,0.98061016623507
xgb,CAM-LDS,CasinoLimit,7,49,17,0.9364163123223689,0.9872442839951865,0.7883307068455241,0.8766455804411011,0.004091968931918902,0.9612621639074409,0.8288618418182612,1.0,6.372267890142101e-05,0.00012743723716069835,0.0,0.961447843826625,0.8765181432039404,0.9657894736842105,0.9783180717819177,0.9859976662777129,0.9821428571428571,0.45474613686534215,0.8087488124734952,81812,0.9820154199056964
xgb,CAM-LDS,CasinoLimit,8,50,17,0.9365154552865231,0.9872498075442648,0.7886766345082061,0.8768616055212496,0.004091968931918902,0.961292443684012,0.8288509357413951,0.0,0.0,0.0,0.0,0.9614368875739742,0.8768616055212496,0.9674089068825911,0.9783545234842913,0.9876949188501114,0.9830025337837838,0.45474613686534215,0.800200026648364,81812,0.9830025337837838
xgb,CAM-LDS,CasinoLimit,9,51,17,0.9363171693582145,0.9872387556582876,0.787984779182842,0.8764294722441913,0.004091968931918902,0.9612602308400472,0.8288509357413951,0.0,0.0,0.0,0.0,0.9652362304112828,0.8764294722441913,0.9673076923076923,0.9782517335574701,0.9876949188501114,0.9829506466086039,0.45695364238410596,0.8179680224314596,81812,0.9829506466086039
xgb,CAM-LDS,CasinoLimit,10,52,17,0.936449359977087,0.9872461257098855,0.7884460160664181,0.876717598033978,0.004091968931918902,0.9612674200464764,0.8289927147406535,1.0,0.0008283948257184732,0.0016554183114733223,0.0,0.9605955837051847,0.8750621797225047,0.9669028340080972,0.9778407897500525,0.9876949188501114,0.9827431526729643,0.46578366445916114,0.7958625253516565,81812,0.981087734361491
xgb,CAM-LDS,CasinoLimit,11,53,17,0.9366035823657715,0.9872078484178128,0.7890225621708883,0.8770588109632351,0.004107410324114822,0.9612611104242895,0.829156305893644,1.0,0.0017842350092397885,0.0035621143693149292,0.0,0.9605663849187525,0.8734966965939202,0.9656882591093118,0.978215112607872,0.9859976662777129,0.982090971525173,0.45695364238410596,0.7991490788634684,81812,0.978528857155858
xgb,CAM-LDS,CasinoLimit,12,54,17,0.936471391746899,0.987247353224254,0.7885228888803475,0.8767656046327756,0.004091968931918902,0.9612644127230242,0.8289709025869214,1.0,0.0007009494679156311,0.0014009169638308711,0.0,0.9607188451109918,0.8753646876689448,0.9674089068825911,0.9783545234842913,0.9876949188501114,0.9830025337837838,0.45474613686534215,0.8002812830836044,81812,0.981601616819953
xgb,CAM-LDS,CasinoLimit,13,55,17,0.9358875498468792,0.9872147440536498,0.7864857593112196,0.8754920417593702,0.004091968931918902,0.961251915742047,0.8289054661257252,1.0,0.0003186133945071051,0.0006370238246910434,0.0,0.9607240486392654,0.8748550179346792,0.9669028340080972,0.9778407897500525,0.9876949188501114,0.9827431526729643,0.46578366445916114,0.8166548060371424,81812,0.9821061288482733
xgb,CAM-LDS,CasinoLimit,14,56,17,0.936460375861993,0.9872467394966071,0.7884844524733828,0.8767416018463117,0.004091968931918902,0.9612936416872464,0.8289163722025913,0.75,0.0005735041101127892,0.001146131805157593,3.947420360794221e-05,0.9652120314055621,0.8755954700411541,0.9657894736842105,0.9783180717819177,0.9859976662777129,0.9821428571428571,0.45474613686534215,0.797904473810723,81812,0.9809967253376995
xgb,CasinoLimit,CAM-LDS,0,42,17,0.9966736465558609,0.9809351168896112,1.0,0.9903758164778643,0.004013210700140791,0.9995222706595578,0.28656722994558154,0.2865767006334343,0.999884690779106,0.4454757175148983,1.0,0.4481937359812292,0.544900098962966,0.7076039152752086,0.4188034188034188,0.002054593484003522,0.00408912626220479,0.001176877812391831,0.44415278341821823,9149,-0.44138659125269347
xgb,CasinoLimit,CAM-LDS,1,43,17,0.996662740478995,0.9808738046127883,1.0,0.9903445664521014,0.004026368768010106,0.9995303476153844,0.28656722994558154,0.2865767006334343,0.999884690779106,0.4454757175148983,1.0,0.4514494725410766,0.5448688489372031,0.7075059108895123,0.40425531914893614,0.002390037318126546,0.004751979991663193,0.0014537902388369677,0.4474754339133339,9149,-0.44072373752323507
xgb,CasinoLimit,CAM-LDS,2,44,17,0.9966736465558609,0.9809351168896112,1.0,0.9903758164778643,0.004013210700140791,0.9995196592530466,0.28656722994558154,0.2865767006334343,0.999884690779106,0.4454757175148983,1.0,0.5330743738800796,0.544900098962966,0.7076039152752086,0.4188034188034188,0.002054593484003522,0.00408912626220479,0.001176877812391831,0.5465655044144492,9149,-0.44138659125269347
xgb,CasinoLimit,CAM-LDS,3,45,17,0.9966300222483968,0.9806899137607799,1.0,0.9902508282063417,0.004065842971618047,0.9995205237128677,0.28656722994558154,0.2865767006334343,0.999884690779106,0.4454757175148983,1.0,0.5264887566161954,0.5447751106914434,0.707395655955604,0.36363636363636365,0.002012663004738144,0.004003169175597348,0.0014537902388369677,0.5406459327195634,9149,-0.44147254833930094
xgb,CasinoLimit,CAM-LDS,4,46,17,0.9966845526327269,0.980996436831906,1.0,0.9904070684758599,0.004000052632271477,0.9995218941877249,0.28656722994558154,0.2865767006334343,0.999884690779106,0.4454757175148983,1.0,0.44191647946760715,0.5449313509609617,0.7076039152752086,0.4188034188034188,0.002054593484003522,0.00408912626220479,0.001176877812391831,0.43919127527887936,9149,-0.44138659125269347
xgb,CasinoLimit,CAM-LDS,5,47,17,0.9966191161715308,0.9806286321314753,1.0,0.9902195860676426,0.004079001039487362,0.9995297321803612,0.28656722994558154,0.2865767006334343,0.999884690779106,0.4454757175148983,1.0,0.4462661360166982,0.5447438685527444,0.7074446581484521,0.38235294117647056,0.002180384921799656,0.004336043360433604,0.0014537902388369677,0.44190275892248737,9149,-0.4411396741544647
xgb,CasinoLimit,CAM-LDS,6,48,17,0.9966300222483968,0.9806899137607799,1.0,0.9902508282063417,0.004065842971618047,0.999520834365015,0.28660027760029966,0.28660027760029966,1.0,0.445515647073933,1.0,0.4381524141402967,0.5447351811324087,0.7075916647269965,0.421875,0.002264245880330412,0.004504316636776911,0.0012807199723087574,0.43529074469503604,9149,-0.44101133043715607
xgb,CasinoLimit,CAM-LDS,7,49,17,0.996662740478995,0.9808738046127883,1.0,0.9903445664521014,0.004026368768010106,0.9995292135883153,0.28656722994558154,0.2865767006334343,0.999884690779106,0.4454757175148983,1.0,0.529208137898929,0.5448688489372031,0.707407906503816,0.366412213740458,0.002012663004738144,0.004003336113427856,0.0014364832121841467,0.5432766639059895,9149,-0.44147238140147044
xgb,CasinoLimit,CAM-LDS,8,50,17,0.9956484753304541,0.9873804971319312,0.9871917415408143,0.9872861103145015,0.0026052974381241857,0.9995330374185911,0.28437506884928065,0.2828225374732334,0.9747088442172426,0.4384298199358581,0.9929587251586603,0.5474527033501477,0.5488562903786434,0.7036959903955702,0.3538062283737024,0.017149566019539604,0.032713457308538293,0.012928348909657321,0.5502144651851549,9149,-0.4057163626273198
xgb,CasinoLimit,CAM-LDS,9,51,17,0.9968917680931815,0.9864250536683925,0.9955394124769005,0.9909612762043704,0.002828984591902525,0.9995321318738706,0.28437506884928065,0.2828225374732334,0.9747088442172426,0.4384298199358581,0.9929587251586603,0.4420233949502097,0.5525314562685122,0.7074446581484521,0.38235294117647056,0.002180384921799656,0.004336043360433604,0.0014537902388369677,0.438960451546414,9149,-0.43409377657542453
xgb,CasinoLimit,CAM-LDS,10,52,17,0.9950050167953584,0.9878322126160742,0.9829223220544192,0.9853711511434777,0.0025000328951696733,0.9995205769555434,0.3648901716274868,0.3065606848058698,0.9635622861974863,0.4651365592993914,0.8756195858618613,0.5475403415748602,0.5202345918440863,0.7036959903955702,0.3538062283737024,0.017149566019539604,0.032713457308538293,0.012928348909657321,0.5504131672532216,9149,-0.4324231019908531
xgb,CasinoLimit,CAM-LDS,11,53,17,0.9966845526327269,0.980996436831906,1.0,0.9904070684758599,0.004000052632271477,0.999517768509209,0.28656722994558154,0.2865767006334343,0.999884690779106,0.4454757175148983,1.0,0.5324990750403092,0.5449313509609617,0.7075059108895123,0.40425531914893614,0.002390037318126546,0.004751979991663193,0.0014537902388369677,0.5460672058789869,9149,-0.44072373752323507
xgb,CasinoLimit,CAM-LDS,12,54,17,0.9966845526327269,0.980996436831906,1.0,0.9904070684758599,0.004000052632271477,0.9995286773884553,0.28654519817576946,0.28656098178973927,0.9998078179651766,0.4454490966692354,1.0,0.5475066900586931,0.5449579718066245,0.7038552475223266,0.357080035180299,0.017023774581743468,0.032498198991435204,0.012651436483212184,0.550408257221676,9149,-0.4129508976778002
xgb,CasinoLimit,CAM-LDS,13,55,17,0.996662740478995,0.9808738046127883,1.0,0.9903445664521014,0.004026368768010106,0.9995312523216375,0.2865562140606755,0.28656884129816906,0.9998462543721413,0.4454624072060347,1.0,0.6448996639707464,0.5448821592460668,0.7038552475223266,0.357080035180299,0.017023774581743468,0.032498198991435204,0.012651436483212184,0.6538791422658201,9149,-0.4129642082145995
xgb,CasinoLimit,CAM-LDS,14,56,17,0.996662740478995,0.9808738046127883,1.0,0.9903445664521014,0.004026368768010106,0.9995325989001757,0.28656722994558154,0.2865767006334343,0.999884690779106,0.4454757175148983,1.0,0.5486743431853196,0.5448688489372031,0.7038674980705386,0.3573943661971831,0.017023774581743468,0.03249949969981989,0.012634129456559362,0.5509570718975354,9149,-0.4129762178150784
