row_id,fold,true_label,technique,pred_xgb,pred_cnn,proba_xgb,proba_cnn,disagreement_direction,llm_verdict,llm_pred,llm_confidence,llm_agrees_with,parse_status,rationale_steps,key_features,raw
115,3,0,benign,0,1,0.6923177242279053,0.9844757318496704,xgb_benign_cnn_malicious,,-1,,,call_error,[],[],RuntimeError('Engine core initialization failed. See root cause above. Failed core proc(s): {}')
123,3,1,T1078_Valid_Accounts,0,1,0.6923177242279053,0.9844757318496704,xgb_benign_cnn_malicious,,-1,,,call_error,[],[],RuntimeError('Engine core initialization failed. See root cause above. Failed core proc(s): {}')
238,4,0,benign,0,1,0.5382307767868042,0.9783802032470704,xgb_benign_cnn_malicious,,-1,,,call_error,[],[],RuntimeError('Engine core initialization failed. See root cause above. Failed core proc(s): {}')
246,1,0,benign,0,1,0.3909652233123779,0.9352187514305116,xgb_benign_cnn_malicious,,-1,,,call_error,[],[],RuntimeError('Engine core initialization failed. See root cause above. Failed core proc(s): {}')
376,1,0,benign,0,1,0.5864039063453674,0.9987131357192992,xgb_benign_cnn_malicious,,-1,,,call_error,[],[],RuntimeError('Engine core initialization failed. See root cause above. Failed core proc(s): {}')
697,3,0,benign,0,1,0.6923177242279053,0.9844757318496704,xgb_benign_cnn_malicious,,-1,,,call_error,[],[],RuntimeError('Engine core initialization failed. See root cause above. Failed core proc(s): {}')
868,1,0,benign,0,1,0.694502592086792,0.9844192266464232,xgb_benign_cnn_malicious,,-1,,,call_error,[],[],RuntimeError('Engine core initialization failed. See root cause above. Failed core proc(s): {}')
1039,4,0,benign,0,1,0.5382307767868042,0.9783802032470704,xgb_benign_cnn_malicious,,-1,,,call_error,[],[],RuntimeError('Engine core initialization failed. See root cause above. Failed core proc(s): {}')
1248,0,1,T1078_Valid_Accounts,0,1,0.4985829293727875,0.9518041014671326,xgb_benign_cnn_malicious,,-1,,,call_error,[],[],RuntimeError('Engine core initialization failed. See root cause above. Failed core proc(s): {}')
1438,3,1,T1078_Valid_Accounts,0,1,0.6923177242279053,0.9844757318496704,xgb_benign_cnn_malicious,,-1,,,call_error,[],[],RuntimeError('Engine core initialization failed. See root cause above. Failed core proc(s): {}')
1862,4,1,T1078_Valid_Accounts,0,1,0.5382307767868042,0.9783802032470704,xgb_benign_cnn_malicious,,-1,,,call_error,[],[],RuntimeError('Engine core initialization failed. See root cause above. Failed core proc(s): {}')
1880,4,0,benign,0,1,0.5382307767868042,0.9783802032470704,xgb_benign_cnn_malicious,,-1,,,call_error,[],[],RuntimeError('Engine core initialization failed. See root cause above. Failed core proc(s): {}')
2748,3,0,benign,0,1,0.6923177242279053,0.9844757318496704,xgb_benign_cnn_malicious,,-1,,,call_error,[],[],RuntimeError('Engine core initialization failed. See root cause above. Failed core proc(s): {}')
2840,4,0,benign,0,1,0.3245709240436554,0.9873520731925964,xgb_benign_cnn_malicious,,-1,,,call_error,[],[],RuntimeError('Engine core initialization failed. See root cause above. Failed core proc(s): {}')
2847,4,1,T1078_Valid_Accounts,0,1,0.619727611541748,0.9875256419181824,xgb_benign_cnn_malicious,,-1,,,call_error,[],[],"RuntimeError(""Engine core initialization failed. See root cause above. Failed core proc(s): {'EngineCore': 1}"")"
2988,4,0,benign,0,1,0.5382307767868042,0.9783802032470704,xgb_benign_cnn_malicious,,-1,,,call_error,[],[],RuntimeError('Engine core initialization failed. See root cause above. Failed core proc(s): {}')
3028,3,1,T1078_Valid_Accounts,0,1,0.6923177242279053,0.9844757318496704,xgb_benign_cnn_malicious,,-1,,,call_error,[],[],RuntimeError('Engine core initialization failed. See root cause above. Failed core proc(s): {}')
3184,4,1,T1078_Valid_Accounts,0,1,0.619727611541748,0.9875256419181824,xgb_benign_cnn_malicious,,-1,,,call_error,[],[],RuntimeError('Engine core initialization failed. See root cause above. Failed core proc(s): {}')
3358,4,0,benign,0,1,0.6893975138664246,0.967121422290802,xgb_benign_cnn_malicious,,-1,,,call_error,[],[],RuntimeError('Engine core initialization failed. See root cause above. Failed core proc(s): {}')
4164,1,0,benign,0,1,0.4333839416503906,0.9628597497940063,xgb_benign_cnn_malicious,,-1,,,call_error,[],[],RuntimeError('Engine core initialization failed. See root cause above. Failed core proc(s): {}')
4570,4,1,T1078_Valid_Accounts,0,1,0.5382307767868042,0.9783802032470704,xgb_benign_cnn_malicious,,-1,,,call_error,[],[],RuntimeError('Engine core initialization failed. See root cause above. Failed core proc(s): {}')
5324,4,0,benign,0,1,0.5382307767868042,0.9783802032470704,xgb_benign_cnn_malicious,,-1,,,call_error,[],[],RuntimeError('Engine core initialization failed. See root cause above. Failed core proc(s): {}')
5351,3,1,T1078_Valid_Accounts,0,1,0.6923177242279053,0.9844757318496704,xgb_benign_cnn_malicious,,-1,,,call_error,[],[],RuntimeError('Engine core initialization failed. See root cause above. Failed core proc(s): {}')
5441,1,0,benign,0,1,0.3570463955402374,0.996929943561554,xgb_benign_cnn_malicious,,-1,,,call_error,[],[],RuntimeError('Engine core initialization failed. See root cause above. Failed core proc(s): {}')
5458,4,1,T1078_Valid_Accounts,0,1,0.5382307767868042,0.9783802032470704,xgb_benign_cnn_malicious,,-1,,,call_error,[],[],RuntimeError('Engine core initialization failed. See root cause above. Failed core proc(s): {}')
5506,1,0,benign,0,1,0.3570463955402374,0.996929943561554,xgb_benign_cnn_malicious,,-1,,,call_error,[],[],RuntimeError('Engine core initialization failed. See root cause above. Failed core proc(s): {}')
5642,4,1,T1078_Valid_Accounts,0,1,0.5382307767868042,0.9783802032470704,xgb_benign_cnn_malicious,,-1,,,call_error,[],[],RuntimeError('Engine core initialization failed. See root cause above. Failed core proc(s): {}')
5679,3,0,benign,0,1,0.6607770323753357,0.9449419975280762,xgb_benign_cnn_malicious,,-1,,,call_error,[],[],RuntimeError('Engine core initialization failed. See root cause above. Failed core proc(s): {}')
5831,1,0,benign,0,1,0.3491014540195465,0.9969297051429749,xgb_benign_cnn_malicious,,-1,,,call_error,[],[],RuntimeError('Engine core initialization failed. See root cause above. Failed core proc(s): {}')
6278,4,1,T1078_Valid_Accounts,0,1,0.3245709240436554,0.9873520731925964,xgb_benign_cnn_malicious,,-1,,,call_error,[],[],RuntimeError('Engine core initialization failed. See root cause above. Failed core proc(s): {}')
6362,3,1,T1078_Valid_Accounts,0,1,0.6923177242279053,0.9844757318496704,xgb_benign_cnn_malicious,,-1,,,call_error,[],[],RuntimeError('Engine core initialization failed. See root cause above. Failed core proc(s): {}')
7300,4,0,benign,0,1,0.5500925183296204,0.9784390926361084,xgb_benign_cnn_malicious,,-1,,,call_error,[],[],RuntimeError('Engine core initialization failed. See root cause above. Failed core proc(s): {}')
7425,4,1,T1078_Valid_Accounts,0,1,0.5382307767868042,0.9783802032470704,xgb_benign_cnn_malicious,,-1,,,call_error,[],[],RuntimeError('Engine core initialization failed. See root cause above. Failed core proc(s): {}')
7740,4,1,T1078_Valid_Accounts,0,1,0.5382307767868042,0.9783802032470704,xgb_benign_cnn_malicious,,-1,,,call_error,[],[],RuntimeError('Engine core initialization failed. See root cause above. Failed core proc(s): {}')
8712,4,0,benign,0,1,0.5382307767868042,0.9783802032470704,xgb_benign_cnn_malicious,,-1,,,call_error,[],[],RuntimeError('Engine core initialization failed. See root cause above. Failed core proc(s): {}')
8818,3,1,T1078_Valid_Accounts,0,1,0.6923177242279053,0.9844757318496704,xgb_benign_cnn_malicious,,-1,,,call_error,[],[],RuntimeError('Engine core initialization failed. See root cause above. Failed core proc(s): {}')
8835,1,0,benign,0,1,0.5205070972442627,0.9883015155792236,xgb_benign_cnn_malicious,,-1,,,call_error,[],[],RuntimeError('Engine core initialization failed. See root cause above. Failed core proc(s): {}')
9039,4,1,T1078_Valid_Accounts,0,1,0.5382307767868042,0.9783802032470704,xgb_benign_cnn_malicious,,-1,,,call_error,[],[],RuntimeError('Engine core initialization failed. See root cause above. Failed core proc(s): {}')
9051,1,0,benign,0,1,0.6505191326141357,0.9879350066184998,xgb_benign_cnn_malicious,,-1,,,call_error,[],[],"RuntimeError(""Engine core initialization failed. See root cause above. Failed core proc(s): {'EngineCore': 1}"")"
9078,4,1,T1078_Valid_Accounts,0,1,0.5382307767868042,0.9783802032470704,xgb_benign_cnn_malicious,,-1,,,call_error,[],[],RuntimeError('Engine core initialization failed. See root cause above. Failed core proc(s): {}')
9264,4,0,benign,0,1,0.5382307767868042,0.9783802032470704,xgb_benign_cnn_malicious,,-1,,,call_error,[],[],RuntimeError('Engine core initialization failed. See root cause above. Failed core proc(s): {}')
9268,4,0,benign,0,1,0.3245709240436554,0.9873520731925964,xgb_benign_cnn_malicious,,-1,,,call_error,[],[],RuntimeError('Engine core initialization failed. See root cause above. Failed core proc(s): {}')
9279,4,0,benign,0,1,0.4846739470958709,0.9371216297149658,xgb_benign_cnn_malicious,,-1,,,call_error,[],[],RuntimeError('Engine core initialization failed. See root cause above. Failed core proc(s): {}')
9801,4,0,benign,0,1,0.5382307767868042,0.9783802032470704,xgb_benign_cnn_malicious,,-1,,,call_error,[],[],RuntimeError('Engine core initialization failed. See root cause above. Failed core proc(s): {}')
9825,1,0,benign,0,1,0.5864039063453674,0.9987131357192992,xgb_benign_cnn_malicious,,-1,,,call_error,[],[],RuntimeError('Engine core initialization failed. See root cause above. Failed core proc(s): {}')
10093,4,0,benign,0,1,0.3245709240436554,0.9873520731925964,xgb_benign_cnn_malicious,,-1,,,call_error,[],[],RuntimeError('Engine core initialization failed. See root cause above. Failed core proc(s): {}')
10100,3,0,benign,0,1,0.6923177242279053,0.9844757318496704,xgb_benign_cnn_malicious,,-1,,,call_error,[],[],RuntimeError('Engine core initialization failed. See root cause above. Failed core proc(s): {}')
10310,1,0,benign,0,1,0.5864039063453674,0.9987131357192992,xgb_benign_cnn_malicious,,-1,,,call_error,[],[],RuntimeError('Engine core initialization failed. See root cause above. Failed core proc(s): {}')
10615,4,0,benign,0,1,0.3904956877231598,0.9895955324172974,xgb_benign_cnn_malicious,,-1,,,call_error,[],[],RuntimeError('Engine core initialization failed. See root cause above. Failed core proc(s): {}')
10771,3,0,benign,0,1,0.6991081237792969,0.9781075119972228,xgb_benign_cnn_malicious,,-1,,,call_error,[],[],RuntimeError('Engine core initialization failed. See root cause above. Failed core proc(s): {}')
10865,4,1,T1078_Valid_Accounts,0,1,0.5382307767868042,0.9783802032470704,xgb_benign_cnn_malicious,,-1,,,call_error,[],[],RuntimeError('Engine core initialization failed. See root cause above. Failed core proc(s): {}')
10876,4,1,T1078_Valid_Accounts,0,1,0.619727611541748,0.9875256419181824,xgb_benign_cnn_malicious,,-1,,,call_error,[],[],RuntimeError('Engine core initialization failed. See root cause above. Failed core proc(s): {}')
10963,4,0,benign,0,1,0.5382307767868042,0.9783802032470704,xgb_benign_cnn_malicious,,-1,,,call_error,[],[],RuntimeError('Engine core initialization failed. See root cause above. Failed core proc(s): {}')
10978,4,0,benign,0,1,0.5382307767868042,0.9783802032470704,xgb_benign_cnn_malicious,,-1,,,call_error,[],[],RuntimeError('Engine core initialization failed. See root cause above. Failed core proc(s): {}')
11050,3,1,T1078_Valid_Accounts,0,1,0.6828815937042236,0.9845158457756042,xgb_benign_cnn_malicious,,-1,,,call_error,[],[],RuntimeError('Engine core initialization failed. See root cause above. Failed core proc(s): {}')
11312,1,0,benign,0,1,0.4249598085880279,0.9503516554832458,xgb_benign_cnn_malicious,,-1,,,call_error,[],[],RuntimeError('Engine core initialization failed. See root cause above. Failed core proc(s): {}')
11440,1,0,benign,0,1,0.3924641609191894,0.9985420107841492,xgb_benign_cnn_malicious,,-1,,,call_error,[],[],RuntimeError('Engine core initialization failed. See root cause above. Failed core proc(s): {}')
11816,3,1,T1078_Valid_Accounts,0,1,0.6923177242279053,0.9844757318496704,xgb_benign_cnn_malicious,,-1,,,call_error,[],[],RuntimeError('Engine core initialization failed. See root cause above. Failed core proc(s): {}')
11857,3,1,T1078_Valid_Accounts,0,1,0.5284601449966431,0.9728304147720336,xgb_benign_cnn_malicious,,-1,,,call_error,[],[],RuntimeError('Engine core initialization failed. See root cause above. Failed core proc(s): {}')
12322,4,0,benign,0,1,0.3245709240436554,0.9873520731925964,xgb_benign_cnn_malicious,,-1,,,call_error,[],[],RuntimeError('Engine core initialization failed. See root cause above. Failed core proc(s): {}')
12540,4,1,T1078_Valid_Accounts,0,1,0.5382307767868042,0.9783802032470704,xgb_benign_cnn_malicious,,-1,,,call_error,[],[],RuntimeError('Engine core initialization failed. See root cause above. Failed core proc(s): {}')
12613,3,1,T1078_Valid_Accounts,0,1,0.6923177242279053,0.9844757318496704,xgb_benign_cnn_malicious,,-1,,,call_error,[],[],RuntimeError('Engine core initialization failed. See root cause above. Failed core proc(s): {}')
12943,3,0,benign,0,1,0.5248250365257263,0.9992611408233644,xgb_benign_cnn_malicious,,-1,,,call_error,[],[],RuntimeError('Engine core initialization failed. See root cause above. Failed core proc(s): {}')
13125,4,1,T1078_Valid_Accounts,0,1,0.4296572804450989,0.9260380864143372,xgb_benign_cnn_malicious,,-1,,,call_error,[],[],RuntimeError('Engine core initialization failed. See root cause above. Failed core proc(s): {}')
13763,4,0,benign,0,1,0.4048436880111694,0.9984894394874572,xgb_benign_cnn_malicious,,-1,,,call_error,[],[],RuntimeError('Engine core initialization failed. See root cause above. Failed core proc(s): {}')
13793,3,1,T1078_Valid_Accounts,0,1,0.6923177242279053,0.9844757318496704,xgb_benign_cnn_malicious,,-1,,,call_error,[],[],RuntimeError('Engine core initialization failed. See root cause above. Failed core proc(s): {}')
13883,3,0,benign,0,1,0.6923177242279053,0.9844757318496704,xgb_benign_cnn_malicious,,-1,,,call_error,[],[],RuntimeError('Engine core initialization failed. See root cause above. Failed core proc(s): {}')
14096,1,0,benign,0,1,0.5386667847633362,0.904238224029541,xgb_benign_cnn_malicious,,-1,,,call_error,[],[],RuntimeError('Engine core initialization failed. See root cause above. Failed core proc(s): {}')
14188,4,1,T1087_Account_Discovery,0,1,0.5437732934951782,0.9999456405639648,xgb_benign_cnn_malicious,,-1,,,call_error,[],[],RuntimeError('Engine core initialization failed. See root cause above. Failed core proc(s): {}')
14245,3,1,T1078_Valid_Accounts,0,1,0.6923177242279053,0.9844757318496704,xgb_benign_cnn_malicious,,-1,,,call_error,[],[],RuntimeError('Engine core initialization failed. See root cause above. Failed core proc(s): {}')
14486,3,0,benign,0,1,0.6923177242279053,0.9844757318496704,xgb_benign_cnn_malicious,,-1,,,call_error,[],[],RuntimeError('Engine core initialization failed. See root cause above. Failed core proc(s): {}')
14705,3,1,T1078_Valid_Accounts,0,1,0.6923177242279053,0.9844757318496704,xgb_benign_cnn_malicious,,-1,,,call_error,[],[],RuntimeError('Engine core initialization failed. See root cause above. Failed core proc(s): {}')
14966,4,0,benign,0,1,0.619727611541748,0.9875256419181824,xgb_benign_cnn_malicious,,-1,,,call_error,[],[],RuntimeError('Engine core initialization failed. See root cause above. Failed core proc(s): {}')
15293,4,1,T1078_Valid_Accounts,0,1,0.3759605586528778,0.9789960980415344,xgb_benign_cnn_malicious,,-1,,,call_error,[],[],RuntimeError('Engine core initialization failed. See root cause above. Failed core proc(s): {}')
15484,4,1,T1078_Valid_Accounts,0,1,0.3245709240436554,0.9873520731925964,xgb_benign_cnn_malicious,,-1,,,call_error,[],[],"RuntimeError(""Engine core initialization failed. See root cause above. Failed core proc(s): {'EngineCore': 1}"")"
15545,4,1,T1078_Valid_Accounts,0,1,0.5382307767868042,0.9783802032470704,xgb_benign_cnn_malicious,,-1,,,call_error,[],[],RuntimeError('Engine core initialization failed. See root cause above. Failed core proc(s): {}')
16131,4,0,benign,0,1,0.3245709240436554,0.9873520731925964,xgb_benign_cnn_malicious,,-1,,,call_error,[],[],RuntimeError('Engine core initialization failed. See root cause above. Failed core proc(s): {}')
16250,3,1,T1078_Valid_Accounts,0,1,0.6923177242279053,0.9844757318496704,xgb_benign_cnn_malicious,,-1,,,call_error,[],[],RuntimeError('Engine core initialization failed. See root cause above. Failed core proc(s): {}')
16743,4,0,benign,0,1,0.6861697435379028,0.9936937689781188,xgb_benign_cnn_malicious,,-1,,,call_error,[],[],RuntimeError('Engine core initialization failed. See root cause above. Failed core proc(s): {}')
16794,3,0,benign,0,1,0.6923177242279053,0.9844757318496704,xgb_benign_cnn_malicious,,-1,,,call_error,[],[],RuntimeError('Engine core initialization failed. See root cause above. Failed core proc(s): {}')
17241,3,1,T1078_Valid_Accounts,0,1,0.6923177242279053,0.9844757318496704,xgb_benign_cnn_malicious,,-1,,,call_error,[],[],RuntimeError('Engine core initialization failed. See root cause above. Failed core proc(s): {}')
17375,4,0,benign,0,1,0.5382307767868042,0.9783802032470704,xgb_benign_cnn_malicious,,-1,,,call_error,[],[],RuntimeError('Engine core initialization failed. See root cause above. Failed core proc(s): {}')
17525,1,0,benign,0,1,0.6150367259979248,0.9694830775260924,xgb_benign_cnn_malicious,,-1,,,call_error,[],[],RuntimeError('Engine core initialization failed. See root cause above. Failed core proc(s): {}')
17708,1,0,benign,0,1,0.4763945043087005,0.992125689983368,xgb_benign_cnn_malicious,,-1,,,call_error,[],[],RuntimeError('Engine core initialization failed. See root cause above. Failed core proc(s): {}')
18013,4,0,benign,0,1,0.619727611541748,0.9875256419181824,xgb_benign_cnn_malicious,,-1,,,call_error,[],[],RuntimeError('Engine core initialization failed. See root cause above. Failed core proc(s): {}')
18050,1,0,benign,0,1,0.3570463955402374,0.996929943561554,xgb_benign_cnn_malicious,,-1,,,call_error,[],[],RuntimeError('Engine core initialization failed. See root cause above. Failed core proc(s): {}')
18082,4,1,T1078_Valid_Accounts,0,1,0.5382307767868042,0.9783802032470704,xgb_benign_cnn_malicious,,-1,,,call_error,[],[],RuntimeError('Engine core initialization failed. See root cause above. Failed core proc(s): {}')
18161,1,0,benign,0,1,0.4333839416503906,0.9628597497940063,xgb_benign_cnn_malicious,,-1,,,call_error,[],[],RuntimeError('Engine core initialization failed. See root cause above. Failed core proc(s): {}')
18904,3,0,benign,0,1,0.6923177242279053,0.9844757318496704,xgb_benign_cnn_malicious,,-1,,,call_error,[],[],RuntimeError('Engine core initialization failed. See root cause above. Failed core proc(s): {}')
19012,3,0,benign,0,1,0.6923177242279053,0.9844757318496704,xgb_benign_cnn_malicious,,-1,,,call_error,[],[],RuntimeError('Engine core initialization failed. See root cause above. Failed core proc(s): {}')
19168,3,1,T1078_Valid_Accounts,0,1,0.6923177242279053,0.9844757318496704,xgb_benign_cnn_malicious,,-1,,,call_error,[],[],RuntimeError('Engine core initialization failed. See root cause above. Failed core proc(s): {}')
19452,4,0,benign,0,1,0.5382307767868042,0.9783802032470704,xgb_benign_cnn_malicious,,-1,,,call_error,[],[],RuntimeError('Engine core initialization failed. See root cause above. Failed core proc(s): {}')
19672,1,0,benign,0,1,0.5205070972442627,0.9883015155792236,xgb_benign_cnn_malicious,,-1,,,call_error,[],[],RuntimeError('Engine core initialization failed. See root cause above. Failed core proc(s): {}')
20138,3,0,benign,0,1,0.6923177242279053,0.9844757318496704,xgb_benign_cnn_malicious,,-1,,,call_error,[],[],RuntimeError('Engine core initialization failed. See root cause above. Failed core proc(s): {}')
20333,4,1,T1078_Valid_Accounts,0,1,0.5382307767868042,0.9783802032470704,xgb_benign_cnn_malicious,,-1,,,call_error,[],[],RuntimeError('Engine core initialization failed. See root cause above. Failed core proc(s): {}')
20538,4,0,benign,0,1,0.5382307767868042,0.9783802032470704,xgb_benign_cnn_malicious,,-1,,,call_error,[],[],RuntimeError('Engine core initialization failed. See root cause above. Failed core proc(s): {}')
20775,4,1,T1078_Valid_Accounts,0,1,0.3759605586528778,0.9789960980415344,xgb_benign_cnn_malicious,,-1,,,call_error,[],[],RuntimeError('Engine core initialization failed. See root cause above. Failed core proc(s): {}')
20941,3,1,T1078_Valid_Accounts,0,1,0.5248250365257263,0.9992611408233644,xgb_benign_cnn_malicious,,-1,,,call_error,[],[],RuntimeError('Engine core initialization failed. See root cause above. Failed core proc(s): {}')
21135,4,1,T1078_Valid_Accounts,0,1,0.5382307767868042,0.9783802032470704,xgb_benign_cnn_malicious,,-1,,,call_error,[],[],RuntimeError('Engine core initialization failed. See root cause above. Failed core proc(s): {}')
21362,4,0,benign,0,1,0.5382307767868042,0.9783802032470704,xgb_benign_cnn_malicious,,-1,,,call_error,[],[],RuntimeError('Engine core initialization failed. See root cause above. Failed core proc(s): {}')
21364,4,0,benign,0,1,0.3759605586528778,0.9789960980415344,xgb_benign_cnn_malicious,,-1,,,call_error,[],[],RuntimeError('Engine core initialization failed. See root cause above. Failed core proc(s): {}')
21454,3,1,T1078_Valid_Accounts,0,1,0.6923177242279053,0.9844757318496704,xgb_benign_cnn_malicious,,-1,,,call_error,[],[],RuntimeError('Engine core initialization failed. See root cause above. Failed core proc(s): {}')
21489,4,0,benign,0,1,0.5382307767868042,0.9783802032470704,xgb_benign_cnn_malicious,,-1,,,call_error,[],[],RuntimeError('Engine core initialization failed. See root cause above. Failed core proc(s): {}')
21506,3,1,T1078_Valid_Accounts,0,1,0.6923177242279053,0.9844757318496704,xgb_benign_cnn_malicious,,-1,,,call_error,[],[],RuntimeError('Engine core initialization failed. See root cause above. Failed core proc(s): {}')
21707,3,0,benign,0,1,0.6923177242279053,0.9844757318496704,xgb_benign_cnn_malicious,,-1,,,call_error,[],[],RuntimeError('Engine core initialization failed. See root cause above. Failed core proc(s): {}')
21728,4,1,T1078_Valid_Accounts,0,1,0.4048436880111694,0.9984894394874572,xgb_benign_cnn_malicious,,-1,,,call_error,[],[],RuntimeError('Engine core initialization failed. See root cause above. Failed core proc(s): {}')
21820,1,0,benign,0,1,0.5864039063453674,0.9987131357192992,xgb_benign_cnn_malicious,,-1,,,call_error,[],[],RuntimeError('Engine core initialization failed. See root cause above. Failed core proc(s): {}')
22020,4,0,benign,0,1,0.5382307767868042,0.9783802032470704,xgb_benign_cnn_malicious,,-1,,,call_error,[],[],RuntimeError('Engine core initialization failed. See root cause above. Failed core proc(s): {}')
22441,1,0,benign,0,1,0.6700179576873779,0.9746873378753662,xgb_benign_cnn_malicious,,-1,,,call_error,[],[],RuntimeError('Engine core initialization failed. See root cause above. Failed core proc(s): {}')
22522,4,1,T1078_Valid_Accounts,0,1,0.3245709240436554,0.9873520731925964,xgb_benign_cnn_malicious,,-1,,,call_error,[],[],RuntimeError('Engine core initialization failed. See root cause above. Failed core proc(s): {}')
22775,3,0,benign,0,1,0.6923177242279053,0.9844757318496704,xgb_benign_cnn_malicious,,-1,,,call_error,[],[],RuntimeError('Engine core initialization failed. See root cause above. Failed core proc(s): {}')
22852,4,0,benign,0,1,0.619727611541748,0.9875256419181824,xgb_benign_cnn_malicious,,-1,,,call_error,[],[],RuntimeError('Engine core initialization failed. See root cause above. Failed core proc(s): {}')
23237,3,0,benign,0,1,0.6923177242279053,0.9844757318496704,xgb_benign_cnn_malicious,,-1,,,call_error,[],[],RuntimeError('Engine core initialization failed. See root cause above. Failed core proc(s): {}')
23260,1,0,benign,0,1,0.6132968664169312,0.9149898886680604,xgb_benign_cnn_malicious,,-1,,,call_error,[],[],RuntimeError('Engine core initialization failed. See root cause above. Failed core proc(s): {}')
23932,4,0,benign,0,1,0.5382307767868042,0.9783802032470704,xgb_benign_cnn_malicious,,-1,,,call_error,[],[],RuntimeError('Engine core initialization failed. See root cause above. Failed core proc(s): {}')
23992,3,0,benign,0,1,0.6923177242279053,0.9844757318496704,xgb_benign_cnn_malicious,,-1,,,call_error,[],[],RuntimeError('Engine core initialization failed. See root cause above. Failed core proc(s): {}')
24541,4,0,benign,0,1,0.619727611541748,0.9875256419181824,xgb_benign_cnn_malicious,,-1,,,call_error,[],[],RuntimeError('Engine core initialization failed. See root cause above. Failed core proc(s): {}')
24797,4,0,benign,0,1,0.5382307767868042,0.9783802032470704,xgb_benign_cnn_malicious,,-1,,,call_error,[],[],RuntimeError('Engine core initialization failed. See root cause above. Failed core proc(s): {}')
24871,1,0,benign,0,1,0.6132968664169312,0.9149898886680604,xgb_benign_cnn_malicious,,-1,,,call_error,[],[],RuntimeError('Engine core initialization failed. See root cause above. Failed core proc(s): {}')
25017,4,1,T1078_Valid_Accounts,0,1,0.5974626541137695,0.984156370162964,xgb_benign_cnn_malicious,,-1,,,call_error,[],[],RuntimeError('Engine core initialization failed. See root cause above. Failed core proc(s): {}')
25465,1,0,benign,0,1,0.5584598183631897,0.9924171566963196,xgb_benign_cnn_malicious,,-1,,,call_error,[],[],RuntimeError('Engine core initialization failed. See root cause above. Failed core proc(s): {}')
25547,4,0,benign,0,1,0.5382307767868042,0.9783802032470704,xgb_benign_cnn_malicious,,-1,,,call_error,[],[],RuntimeError('Engine core initialization failed. See root cause above. Failed core proc(s): {}')
25700,1,0,benign,0,1,0.6150367259979248,0.9694830775260924,xgb_benign_cnn_malicious,,-1,,,call_error,[],[],RuntimeError('Engine core initialization failed. See root cause above. Failed core proc(s): {}')
25894,4,0,benign,0,1,0.5974626541137695,0.984156370162964,xgb_benign_cnn_malicious,,-1,,,call_error,[],[],RuntimeError('Engine core initialization failed. See root cause above. Failed core proc(s): {}')
25916,4,0,benign,0,1,0.5382307767868042,0.9783802032470704,xgb_benign_cnn_malicious,,-1,,,call_error,[],[],RuntimeError('Engine core initialization failed. See root cause above. Failed core proc(s): {}')
26258,3,0,benign,0,1,0.6923177242279053,0.9844757318496704,xgb_benign_cnn_malicious,,-1,,,call_error,[],[],RuntimeError('Engine core initialization failed. See root cause above. Failed core proc(s): {}')
26617,4,0,benign,0,1,0.5382307767868042,0.9783802032470704,xgb_benign_cnn_malicious,,-1,,,call_error,[],[],RuntimeError('Engine core initialization failed. See root cause above. Failed core proc(s): {}')
26642,3,1,T1078_Valid_Accounts,0,1,0.6923177242279053,0.9844757318496704,xgb_benign_cnn_malicious,,-1,,,call_error,[],[],RuntimeError('Engine core initialization failed. See root cause above. Failed core proc(s): {}')
26724,4,1,T1078_Valid_Accounts,0,1,0.5382307767868042,0.9783802032470704,xgb_benign_cnn_malicious,,-1,,,call_error,[],[],RuntimeError('Engine core initialization failed. See root cause above. Failed core proc(s): {}')
26871,4,1,T1078_Valid_Accounts,0,1,0.5382307767868042,0.9783802032470704,xgb_benign_cnn_malicious,,-1,,,call_error,[],[],RuntimeError('Engine core initialization failed. See root cause above. Failed core proc(s): {}')
27007,3,1,T1078_Valid_Accounts,0,1,0.6923177242279053,0.9844757318496704,xgb_benign_cnn_malicious,,-1,,,call_error,[],[],RuntimeError('Engine core initialization failed. See root cause above. Failed core proc(s): {}')
28242,1,0,benign,0,1,0.4333839416503906,0.9628597497940063,xgb_benign_cnn_malicious,,-1,,,call_error,[],[],RuntimeError('Engine core initialization failed. See root cause above. Failed core proc(s): {}')
28465,4,0,benign,0,1,0.3245709240436554,0.9873520731925964,xgb_benign_cnn_malicious,,-1,,,call_error,[],[],RuntimeError('Engine core initialization failed. See root cause above. Failed core proc(s): {}')
28634,4,0,benign,0,1,0.5382307767868042,0.9783802032470704,xgb_benign_cnn_malicious,,-1,,,call_error,[],[],RuntimeError('Engine core initialization failed. See root cause above. Failed core proc(s): {}')
28642,4,0,benign,0,1,0.5382307767868042,0.9783802032470704,xgb_benign_cnn_malicious,,-1,,,call_error,[],[],RuntimeError('Engine core initialization failed. See root cause above. Failed core proc(s): {}')
29511,4,0,benign,0,1,0.5974626541137695,0.984156370162964,xgb_benign_cnn_malicious,,-1,,,call_error,[],[],RuntimeError('Engine core initialization failed. See root cause above. Failed core proc(s): {}')
29575,1,0,benign,0,1,0.5864039063453674,0.9987131357192992,xgb_benign_cnn_malicious,,-1,,,call_error,[],[],RuntimeError('Engine core initialization failed. See root cause above. Failed core proc(s): {}')
30256,4,0,benign,0,1,0.619727611541748,0.9875256419181824,xgb_benign_cnn_malicious,,-1,,,call_error,[],[],RuntimeError('Engine core initialization failed. See root cause above. Failed core proc(s): {}')
30538,4,0,benign,0,1,0.5382307767868042,0.9783802032470704,xgb_benign_cnn_malicious,,-1,,,call_error,[],[],RuntimeError('Engine core initialization failed. See root cause above. Failed core proc(s): {}')
30806,3,0,benign,0,1,0.6923177242279053,0.9844757318496704,xgb_benign_cnn_malicious,,-1,,,call_error,[],[],RuntimeError('Engine core initialization failed. See root cause above. Failed core proc(s): {}')
30857,3,0,benign,0,1,0.6923177242279053,0.9844757318496704,xgb_benign_cnn_malicious,,-1,,,call_error,[],[],RuntimeError('Engine core initialization failed. See root cause above. Failed core proc(s): {}')
30928,3,0,benign,0,1,0.6923177242279053,0.9844757318496704,xgb_benign_cnn_malicious,,-1,,,call_error,[],[],RuntimeError('Engine core initialization failed. See root cause above. Failed core proc(s): {}')
31376,1,0,benign,0,1,0.5386667847633362,0.904238224029541,xgb_benign_cnn_malicious,,-1,,,call_error,[],[],RuntimeError('Engine core initialization failed. See root cause above. Failed core proc(s): {}')
31387,4,0,benign,0,1,0.5382307767868042,0.9783802032470704,xgb_benign_cnn_malicious,,-1,,,call_error,[],[],RuntimeError('Engine core initialization failed. See root cause above. Failed core proc(s): {}')
31585,4,0,benign,0,1,0.5382307767868042,0.9783802032470704,xgb_benign_cnn_malicious,,-1,,,call_error,[],[],RuntimeError('Engine core initialization failed. See root cause above. Failed core proc(s): {}')
31609,3,0,benign,0,1,0.6923177242279053,0.9844757318496704,xgb_benign_cnn_malicious,,-1,,,call_error,[],[],RuntimeError('Engine core initialization failed. See root cause above. Failed core proc(s): {}')
31644,4,1,T1078_Valid_Accounts,0,1,0.5382307767868042,0.9783802032470704,xgb_benign_cnn_malicious,,-1,,,call_error,[],[],RuntimeError('Engine core initialization failed. See root cause above. Failed core proc(s): {}')
31671,4,0,benign,0,1,0.5382307767868042,0.9783802032470704,xgb_benign_cnn_malicious,,-1,,,call_error,[],[],RuntimeError('Engine core initialization failed. See root cause above. Failed core proc(s): {}')
31691,3,1,T1078_Valid_Accounts,0,1,0.6923177242279053,0.9844757318496704,xgb_benign_cnn_malicious,,-1,,,call_error,[],[],RuntimeError('Engine core initialization failed. See root cause above. Failed core proc(s): {}')
31707,4,0,benign,0,1,0.5382307767868042,0.9783802032470704,xgb_benign_cnn_malicious,,-1,,,call_error,[],[],RuntimeError('Engine core initialization failed. See root cause above. Failed core proc(s): {}')
31785,1,0,benign,0,1,0.6132968664169312,0.9149898886680604,xgb_benign_cnn_malicious,,-1,,,call_error,[],[],RuntimeError('Engine core initialization failed. See root cause above. Failed core proc(s): {}')
32110,3,1,T1078_Valid_Accounts,0,1,0.5248250365257263,0.9992611408233644,xgb_benign_cnn_malicious,,-1,,,call_error,[],[],RuntimeError('Engine core initialization failed. See root cause above. Failed core proc(s): {}')
32253,4,0,benign,0,1,0.3245709240436554,0.9873520731925964,xgb_benign_cnn_malicious,,-1,,,call_error,[],[],RuntimeError('Engine core initialization failed. See root cause above. Failed core proc(s): {}')
33767,3,1,T1078_Valid_Accounts,0,1,0.6923177242279053,0.9844757318496704,xgb_benign_cnn_malicious,,-1,,,call_error,[],[],RuntimeError('Engine core initialization failed. See root cause above. Failed core proc(s): {}')
33824,3,1,T1078_Valid_Accounts,0,1,0.5248250365257263,0.9992611408233644,xgb_benign_cnn_malicious,,-1,,,call_error,[],[],RuntimeError('Engine core initialization failed. See root cause above. Failed core proc(s): {}')
33847,4,0,benign,0,1,0.5382307767868042,0.9783802032470704,xgb_benign_cnn_malicious,,-1,,,call_error,[],[],RuntimeError('Engine core initialization failed. See root cause above. Failed core proc(s): {}')
33998,4,0,benign,0,1,0.5382307767868042,0.9783802032470704,xgb_benign_cnn_malicious,,-1,,,call_error,[],[],RuntimeError('Engine core initialization failed. See root cause above. Failed core proc(s): {}')
34059,3,1,T1166_Seuid_and_Setgid,0,1,0.6852090358734131,0.9315714240074158,xgb_benign_cnn_malicious,,-1,,,call_error,[],[],RuntimeError('Engine core initialization failed. See root cause above. Failed core proc(s): {}')
34144,3,1,T1078_Valid_Accounts,0,1,0.6923177242279053,0.9844757318496704,xgb_benign_cnn_malicious,,-1,,,call_error,[],[],RuntimeError('Engine core initialization failed. See root cause above. Failed core proc(s): {}')
34171,3,1,T1078_Valid_Accounts,0,1,0.6923177242279053,0.9844757318496704,xgb_benign_cnn_malicious,,-1,,,call_error,[],[],RuntimeError('Engine core initialization failed. See root cause above. Failed core proc(s): {}')
34396,4,0,benign,0,1,0.5382307767868042,0.9783802032470704,xgb_benign_cnn_malicious,,-1,,,call_error,[],[],"RuntimeError(""Engine core initialization failed. See root cause above. Failed core proc(s): {'EngineCore': 1}"")"
34436,4,0,benign,0,1,0.5382307767868042,0.9783802032470704,xgb_benign_cnn_malicious,,-1,,,call_error,[],[],RuntimeError('Engine core initialization failed. See root cause above. Failed core proc(s): {}')
34922,4,0,benign,0,1,0.5382307767868042,0.9783802032470704,xgb_benign_cnn_malicious,,-1,,,call_error,[],[],RuntimeError('Engine core initialization failed. See root cause above. Failed core proc(s): {}')
34969,3,0,benign,0,1,0.6923177242279053,0.9844757318496704,xgb_benign_cnn_malicious,,-1,,,call_error,[],[],RuntimeError('Engine core initialization failed. See root cause above. Failed core proc(s): {}')
35184,4,1,T1078_Valid_Accounts,0,1,0.5382307767868042,0.9783802032470704,xgb_benign_cnn_malicious,,-1,,,call_error,[],[],RuntimeError('Engine core initialization failed. See root cause above. Failed core proc(s): {}')
35215,3,1,T1078_Valid_Accounts,0,1,0.6923177242279053,0.9844757318496704,xgb_benign_cnn_malicious,,-1,,,call_error,[],[],RuntimeError('Engine core initialization failed. See root cause above. Failed core proc(s): {}')
35270,4,0,benign,0,1,0.3245709240436554,0.9873520731925964,xgb_benign_cnn_malicious,,-1,,,call_error,[],[],RuntimeError('Engine core initialization failed. See root cause above. Failed core proc(s): {}')
35585,4,0,benign,0,1,0.5712800621986389,0.978448748588562,xgb_benign_cnn_malicious,,-1,,,call_error,[],[],RuntimeError('Engine core initialization failed. See root cause above. Failed core proc(s): {}')
35823,4,1,T1078_Valid_Accounts,0,1,0.5382307767868042,0.9783802032470704,xgb_benign_cnn_malicious,,-1,,,call_error,[],[],RuntimeError('Engine core initialization failed. See root cause above. Failed core proc(s): {}')
35916,4,0,benign,0,1,0.6861697435379028,0.9936937689781188,xgb_benign_cnn_malicious,,-1,,,call_error,[],[],RuntimeError('Engine core initialization failed. See root cause above. Failed core proc(s): {}')
36631,4,0,benign,0,1,0.5974626541137695,0.984156370162964,xgb_benign_cnn_malicious,,-1,,,call_error,[],[],RuntimeError('Engine core initialization failed. See root cause above. Failed core proc(s): {}')
36655,3,1,T1078_Valid_Accounts,0,1,0.6923177242279053,0.9844757318496704,xgb_benign_cnn_malicious,,-1,,,call_error,[],[],RuntimeError('Engine core initialization failed. See root cause above. Failed core proc(s): {}')
36679,3,1,T1078_Valid_Accounts,0,1,0.6923177242279053,0.9844757318496704,xgb_benign_cnn_malicious,,-1,,,call_error,[],[],RuntimeError('Engine core initialization failed. See root cause above. Failed core proc(s): {}')
36726,4,1,T1078_Valid_Accounts,0,1,0.6861697435379028,0.9936937689781188,xgb_benign_cnn_malicious,,-1,,,call_error,[],[],RuntimeError('Engine core initialization failed. See root cause above. Failed core proc(s): {}')
37634,1,0,benign,0,1,0.4356295466423034,0.9486161470413208,xgb_benign_cnn_malicious,,-1,,,call_error,[],[],"RuntimeError(""Engine core initialization failed. See root cause above. Failed core proc(s): {'EngineCore': 1}"")"
37688,4,1,T1078_Valid_Accounts,0,1,0.3245709240436554,0.9873520731925964,xgb_benign_cnn_malicious,,-1,,,call_error,[],[],RuntimeError('Engine core initialization failed. See root cause above. Failed core proc(s): {}')
37865,4,0,benign,0,1,0.3245709240436554,0.9873520731925964,xgb_benign_cnn_malicious,,-1,,,call_error,[],[],RuntimeError('Engine core initialization failed. See root cause above. Failed core proc(s): {}')
37952,3,0,benign,0,1,0.6923177242279053,0.9844757318496704,xgb_benign_cnn_malicious,,-1,,,call_error,[],[],RuntimeError('Engine core initialization failed. See root cause above. Failed core proc(s): {}')
38097,4,0,benign,0,1,0.5974626541137695,0.984156370162964,xgb_benign_cnn_malicious,,-1,,,call_error,[],[],RuntimeError('Engine core initialization failed. See root cause above. Failed core proc(s): {}')
38137,4,1,T1078_Valid_Accounts,0,1,0.5382307767868042,0.9783802032470704,xgb_benign_cnn_malicious,,-1,,,call_error,[],[],RuntimeError('Engine core initialization failed. See root cause above. Failed core proc(s): {}')
38339,3,1,T1078_Valid_Accounts,0,1,0.6923177242279053,0.9844757318496704,xgb_benign_cnn_malicious,,-1,,,call_error,[],[],RuntimeError('Engine core initialization failed. See root cause above. Failed core proc(s): {}')
38502,4,1,T1078_Valid_Accounts,0,1,0.619727611541748,0.9875256419181824,xgb_benign_cnn_malicious,,-1,,,call_error,[],[],RuntimeError('Engine core initialization failed. See root cause above. Failed core proc(s): {}')
38670,4,0,benign,0,1,0.5500925183296204,0.9784390926361084,xgb_benign_cnn_malicious,,-1,,,call_error,[],[],RuntimeError('Engine core initialization failed. See root cause above. Failed core proc(s): {}')
38838,3,0,benign,0,1,0.6923177242279053,0.9844757318496704,xgb_benign_cnn_malicious,,-1,,,call_error,[],[],RuntimeError('Engine core initialization failed. See root cause above. Failed core proc(s): {}')
38862,4,0,benign,0,1,0.5382307767868042,0.9783802032470704,xgb_benign_cnn_malicious,,-1,,,call_error,[],[],RuntimeError('Engine core initialization failed. See root cause above. Failed core proc(s): {}')
38890,4,0,benign,0,1,0.5263786315917969,0.9783952236175536,xgb_benign_cnn_malicious,,-1,,,call_error,[],[],RuntimeError('Engine core initialization failed. See root cause above. Failed core proc(s): {}')
38899,3,0,benign,0,1,0.6923177242279053,0.9844757318496704,xgb_benign_cnn_malicious,,-1,,,call_error,[],[],RuntimeError('Engine core initialization failed. See root cause above. Failed core proc(s): {}')
39125,3,1,T1078_Valid_Accounts,0,1,0.6923177242279053,0.9844757318496704,xgb_benign_cnn_malicious,,-1,,,call_error,[],[],RuntimeError('Engine core initialization failed. See root cause above. Failed core proc(s): {}')
39373,3,0,benign,0,1,0.6923177242279053,0.9844757318496704,xgb_benign_cnn_malicious,,-1,,,call_error,[],[],RuntimeError('Engine core initialization failed. See root cause above. Failed core proc(s): {}')
39734,2,1,T1078_Valid_Accounts,0,1,0.5076223015785217,0.9972060322761536,xgb_benign_cnn_malicious,,-1,,,call_error,[],[],RuntimeError('Engine core initialization failed. See root cause above. Failed core proc(s): {}')
39852,4,0,benign,0,1,0.5263786315917969,0.9783937335014344,xgb_benign_cnn_malicious,,-1,,,call_error,[],[],RuntimeError('Engine core initialization failed. See root cause above. Failed core proc(s): {}')
39936,4,0,benign,0,1,0.5382307767868042,0.9783802032470704,xgb_benign_cnn_malicious,,-1,,,call_error,[],[],RuntimeError('Engine core initialization failed. See root cause above. Failed core proc(s): {}')
40132,1,0,benign,0,1,0.3509077131748199,0.9087762832641602,xgb_benign_cnn_malicious,,-1,,,call_error,[],[],RuntimeError('Engine core initialization failed. See root cause above. Failed core proc(s): {}')
40422,3,1,T1078_Valid_Accounts,0,1,0.6923177242279053,0.9844757318496704,xgb_benign_cnn_malicious,,-1,,,call_error,[],[],RuntimeError('Engine core initialization failed. See root cause above. Failed core proc(s): {}')
40462,4,1,T1078_Valid_Accounts,0,1,0.3245709240436554,0.9873520731925964,xgb_benign_cnn_malicious,,-1,,,call_error,[],[],RuntimeError('Engine core initialization failed. See root cause above. Failed core proc(s): {}')
40980,4,0,benign,0,1,0.3759605586528778,0.9789960980415344,xgb_benign_cnn_malicious,,-1,,,call_error,[],[],RuntimeError('Engine core initialization failed. See root cause above. Failed core proc(s): {}')
41033,1,0,benign,0,1,0.3492304682731628,0.999092698097229,xgb_benign_cnn_malicious,,-1,,,call_error,[],[],RuntimeError('Engine core initialization failed. See root cause above. Failed core proc(s): {}')
41602,3,0,benign,0,1,0.6923177242279053,0.9844757318496704,xgb_benign_cnn_malicious,,-1,,,call_error,[],[],RuntimeError('Engine core initialization failed. See root cause above. Failed core proc(s): {}')
41995,3,1,T1078_Valid_Accounts,0,1,0.6828815937042236,0.9845158457756042,xgb_benign_cnn_malicious,,-1,,,call_error,[],[],RuntimeError('Engine core initialization failed. See root cause above. Failed core proc(s): {}')
42265,4,0,benign,0,1,0.5382307767868042,0.9783802032470704,xgb_benign_cnn_malicious,,-1,,,call_error,[],[],RuntimeError('Engine core initialization failed. See root cause above. Failed core proc(s): {}')
42331,3,0,benign,0,1,0.6923177242279053,0.9844757318496704,xgb_benign_cnn_malicious,,-1,,,call_error,[],[],RuntimeError('Engine core initialization failed. See root cause above. Failed core proc(s): {}')
42501,3,1,T1078_Valid_Accounts,0,1,0.3807487487792969,0.9295397400856018,xgb_benign_cnn_malicious,,-1,,,call_error,[],[],RuntimeError('Engine core initialization failed. See root cause above. Failed core proc(s): {}')
42579,4,1,T1078_Valid_Accounts,0,1,0.5382307767868042,0.9783802032470704,xgb_benign_cnn_malicious,,-1,,,call_error,[],[],RuntimeError('Engine core initialization failed. See root cause above. Failed core proc(s): {}')
42661,4,0,benign,0,1,0.5974626541137695,0.984156370162964,xgb_benign_cnn_malicious,,-1,,,call_error,[],[],RuntimeError('Engine core initialization failed. See root cause above. Failed core proc(s): {}')
42682,4,1,T1078_Valid_Accounts,0,1,0.5382307767868042,0.9783802032470704,xgb_benign_cnn_malicious,,-1,,,call_error,[],[],RuntimeError('Engine core initialization failed. See root cause above. Failed core proc(s): {}')
42740,4,0,benign,0,1,0.3759605586528778,0.9789960980415344,xgb_benign_cnn_malicious,,-1,,,call_error,[],[],RuntimeError('Engine core initialization failed. See root cause above. Failed core proc(s): {}')
42776,4,0,benign,0,1,0.5382307767868042,0.9783802032470704,xgb_benign_cnn_malicious,,-1,,,call_error,[],[],RuntimeError('Engine core initialization failed. See root cause above. Failed core proc(s): {}')
43620,4,0,benign,0,1,0.5974626541137695,0.984156370162964,xgb_benign_cnn_malicious,,-1,,,call_error,[],[],RuntimeError('Engine core initialization failed. See root cause above. Failed core proc(s): {}')
43715,4,0,benign,0,1,0.5382307767868042,0.9783802032470704,xgb_benign_cnn_malicious,,-1,,,call_error,[],[],RuntimeError('Engine core initialization failed. See root cause above. Failed core proc(s): {}')
44073,3,1,T1078_Valid_Accounts,0,1,0.6828815937042236,0.9845158457756042,xgb_benign_cnn_malicious,,-1,,,call_error,[],[],RuntimeError('Engine core initialization failed. See root cause above. Failed core proc(s): {}')
44081,1,0,benign,0,1,0.3491014540195465,0.9969297051429749,xgb_benign_cnn_malicious,,-1,,,call_error,[],[],RuntimeError('Engine core initialization failed. See root cause above. Failed core proc(s): {}')
44333,4,1,T1078_Valid_Accounts,0,1,0.3245709240436554,0.9873520731925964,xgb_benign_cnn_malicious,,-1,,,call_error,[],[],RuntimeError('Engine core initialization failed. See root cause above. Failed core proc(s): {}')
44349,4,1,T1078_Valid_Accounts,0,1,0.5382307767868042,0.9783802032470704,xgb_benign_cnn_malicious,,-1,,,call_error,[],[],RuntimeError('Engine core initialization failed. See root cause above. Failed core proc(s): {}')
44549,4,0,benign,0,1,0.5382307767868042,0.9783802032470704,xgb_benign_cnn_malicious,,-1,,,call_error,[],[],RuntimeError('Engine core initialization failed. See root cause above. Failed core proc(s): {}')
44656,4,0,benign,0,1,0.5382307767868042,0.9783802032470704,xgb_benign_cnn_malicious,,-1,,,call_error,[],[],RuntimeError('Engine core initialization failed. See root cause above. Failed core proc(s): {}')
44731,4,1,T1078_Valid_Accounts,0,1,0.5382307767868042,0.9783802032470704,xgb_benign_cnn_malicious,,-1,,,call_error,[],[],RuntimeError('Engine core initialization failed. See root cause above. Failed core proc(s): {}')
45040,4,0,benign,0,1,0.5382307767868042,0.9783802032470704,xgb_benign_cnn_malicious,,-1,,,call_error,[],[],RuntimeError('Engine core initialization failed. See root cause above. Failed core proc(s): {}')
45215,1,0,benign,0,1,0.4333839416503906,0.9628597497940063,xgb_benign_cnn_malicious,,-1,,,call_error,[],[],RuntimeError('Engine core initialization failed. See root cause above. Failed core proc(s): {}')
45456,1,0,benign,0,1,0.5568491220474243,0.9353883266448976,xgb_benign_cnn_malicious,,-1,,,call_error,[],[],RuntimeError('Engine core initialization failed. See root cause above. Failed core proc(s): {}')
45728,1,0,benign,0,1,0.4763945043087005,0.992125689983368,xgb_benign_cnn_malicious,,-1,,,call_error,[],[],RuntimeError('Engine core initialization failed. See root cause above. Failed core proc(s): {}')
46001,4,0,benign,0,1,0.5382307767868042,0.9783802032470704,xgb_benign_cnn_malicious,,-1,,,call_error,[],[],RuntimeError('Engine core initialization failed. See root cause above. Failed core proc(s): {}')
46106,4,0,benign,0,1,0.5382307767868042,0.9783802032470704,xgb_benign_cnn_malicious,,-1,,,call_error,[],[],RuntimeError('Engine core initialization failed. See root cause above. Failed core proc(s): {}')
46392,4,0,benign,0,1,0.5382307767868042,0.9783802032470704,xgb_benign_cnn_malicious,,-1,,,call_error,[],[],RuntimeError('Engine core initialization failed. See root cause above. Failed core proc(s): {}')
46821,1,0,benign,0,1,0.6132968664169312,0.9149898886680604,xgb_benign_cnn_malicious,,-1,,,call_error,[],[],RuntimeError('Engine core initialization failed. See root cause above. Failed core proc(s): {}')
47008,1,0,benign,0,1,0.3570463955402374,0.996929943561554,xgb_benign_cnn_malicious,,-1,,,call_error,[],[],RuntimeError('Engine core initialization failed. See root cause above. Failed core proc(s): {}')
47032,3,1,T1078_Valid_Accounts,0,1,0.6923177242279053,0.9844757318496704,xgb_benign_cnn_malicious,,-1,,,call_error,[],[],RuntimeError('Engine core initialization failed. See root cause above. Failed core proc(s): {}')
47309,3,1,T1078_Valid_Accounts,0,1,0.6991081237792969,0.9781075119972228,xgb_benign_cnn_malicious,,-1,,,call_error,[],[],RuntimeError('Engine core initialization failed. See root cause above. Failed core proc(s): {}')
47619,1,0,benign,0,1,0.5568491220474243,0.9353883266448976,xgb_benign_cnn_malicious,,-1,,,call_error,[],[],RuntimeError('Engine core initialization failed. See root cause above. Failed core proc(s): {}')
47702,4,0,benign,0,1,0.3245709240436554,0.9873520731925964,xgb_benign_cnn_malicious,,-1,,,call_error,[],[],RuntimeError('Engine core initialization failed. See root cause above. Failed core proc(s): {}')
47897,4,1,T1078_Valid_Accounts,0,1,0.5382307767868042,0.9783802032470704,xgb_benign_cnn_malicious,,-1,,,call_error,[],[],RuntimeError('Engine core initialization failed. See root cause above. Failed core proc(s): {}')
48261,4,1,T1078_Valid_Accounts,0,1,0.5382307767868042,0.9783802032470704,xgb_benign_cnn_malicious,,-1,,,call_error,[],[],RuntimeError('Engine core initialization failed. See root cause above. Failed core proc(s): {}')
48783,4,0,benign,0,1,0.5382307767868042,0.9783802032470704,xgb_benign_cnn_malicious,,-1,,,call_error,[],[],RuntimeError('Engine core initialization failed. See root cause above. Failed core proc(s): {}')
48840,1,0,benign,0,1,0.6700179576873779,0.9746873378753662,xgb_benign_cnn_malicious,,-1,,,call_error,[],[],RuntimeError('Engine core initialization failed. See root cause above. Failed core proc(s): {}')
48914,4,0,benign,0,1,0.3759605586528778,0.9789960980415344,xgb_benign_cnn_malicious,,-1,,,call_error,[],[],RuntimeError('Engine core initialization failed. See root cause above. Failed core proc(s): {}')
49239,4,0,benign,0,1,0.5382307767868042,0.9783802032470704,xgb_benign_cnn_malicious,,-1,,,call_error,[],[],RuntimeError('Engine core initialization failed. See root cause above. Failed core proc(s): {}')
49317,4,0,benign,0,1,0.5382307767868042,0.9783802032470704,xgb_benign_cnn_malicious,,-1,,,call_error,[],[],RuntimeError('Engine core initialization failed. See root cause above. Failed core proc(s): {}')
49339,4,1,T1078_Valid_Accounts,0,1,0.5382307767868042,0.9783802032470704,xgb_benign_cnn_malicious,,-1,,,call_error,[],[],"RuntimeError(""Engine core initialization failed. See root cause above. Failed core proc(s): {'EngineCore': 1}"")"
49660,3,0,benign,0,1,0.4594541490077972,0.9298056960105896,xgb_benign_cnn_malicious,,-1,,,call_error,[],[],RuntimeError('Engine core initialization failed. See root cause above. Failed core proc(s): {}')
49915,4,0,benign,0,1,0.5382307767868042,0.9783802032470704,xgb_benign_cnn_malicious,,-1,,,call_error,[],[],RuntimeError('Engine core initialization failed. See root cause above. Failed core proc(s): {}')
50165,3,0,benign,0,1,0.6923177242279053,0.9844757318496704,xgb_benign_cnn_malicious,,-1,,,call_error,[],[],RuntimeError('Engine core initialization failed. See root cause above. Failed core proc(s): {}')
50358,3,1,T1078_Valid_Accounts,0,1,0.6923177242279053,0.9844757318496704,xgb_benign_cnn_malicious,,-1,,,call_error,[],[],RuntimeError('Engine core initialization failed. See root cause above. Failed core proc(s): {}')
50370,3,0,benign,0,1,0.3807487487792969,0.9295397400856018,xgb_benign_cnn_malicious,,-1,,,call_error,[],[],RuntimeError('Engine core initialization failed. See root cause above. Failed core proc(s): {}')
51140,3,1,T1078_Valid_Accounts,0,1,0.6923177242279053,0.9844757318496704,xgb_benign_cnn_malicious,,-1,,,call_error,[],[],RuntimeError('Engine core initialization failed. See root cause above. Failed core proc(s): {}')
51735,3,0,benign,0,1,0.6923177242279053,0.9844757318496704,xgb_benign_cnn_malicious,,-1,,,call_error,[],[],RuntimeError('Engine core initialization failed. See root cause above. Failed core proc(s): {}')
51809,4,0,benign,0,1,0.3759605586528778,0.9789960980415344,xgb_benign_cnn_malicious,,-1,,,call_error,[],[],RuntimeError('Engine core initialization failed. See root cause above. Failed core proc(s): {}')
51958,3,0,benign,0,1,0.6923177242279053,0.9844757318496704,xgb_benign_cnn_malicious,,-1,,,call_error,[],[],RuntimeError('Engine core initialization failed. See root cause above. Failed core proc(s): {}')
52249,3,0,benign,0,1,0.6923177242279053,0.9844757318496704,xgb_benign_cnn_malicious,,-1,,,call_error,[],[],RuntimeError('Engine core initialization failed. See root cause above. Failed core proc(s): {}')
53632,4,1,T1078_Valid_Accounts,0,1,0.5382307767868042,0.9783802032470704,xgb_benign_cnn_malicious,,-1,,,call_error,[],[],RuntimeError('Engine core initialization failed. See root cause above. Failed core proc(s): {}')
54338,4,0,benign,0,1,0.3836501836776733,0.8839415311813354,xgb_benign_cnn_malicious,,-1,,,call_error,[],[],RuntimeError('Engine core initialization failed. See root cause above. Failed core proc(s): {}')
55022,3,0,benign,0,1,0.6923177242279053,0.9844757318496704,xgb_benign_cnn_malicious,,-1,,,call_error,[],[],RuntimeError('Engine core initialization failed. See root cause above. Failed core proc(s): {}')
55403,4,0,benign,0,1,0.5382307767868042,0.9783802032470704,xgb_benign_cnn_malicious,,-1,,,call_error,[],[],RuntimeError('Engine core initialization failed. See root cause above. Failed core proc(s): {}')
55416,3,1,T1078_Valid_Accounts,0,1,0.6923177242279053,0.9844757318496704,xgb_benign_cnn_malicious,,-1,,,call_error,[],[],RuntimeError('Engine core initialization failed. See root cause above. Failed core proc(s): {}')
55465,3,0,benign,0,1,0.6923177242279053,0.9844757318496704,xgb_benign_cnn_malicious,,-1,,,call_error,[],[],RuntimeError('Engine core initialization failed. See root cause above. Failed core proc(s): {}')
55685,3,1,T1078_Valid_Accounts,0,1,0.6607770323753357,0.9449419975280762,xgb_benign_cnn_malicious,,-1,,,call_error,[],[],RuntimeError('Engine core initialization failed. See root cause above. Failed core proc(s): {}')
55776,4,0,benign,0,1,0.3245709240436554,0.9873520731925964,xgb_benign_cnn_malicious,,-1,,,call_error,[],[],RuntimeError('Engine core initialization failed. See root cause above. Failed core proc(s): {}')
55801,1,0,benign,0,1,0.3570463955402374,0.996929943561554,xgb_benign_cnn_malicious,,-1,,,call_error,[],[],RuntimeError('Engine core initialization failed. See root cause above. Failed core proc(s): {}')
55828,4,1,T1078_Valid_Accounts,0,1,0.3245709240436554,0.9873520731925964,xgb_benign_cnn_malicious,,-1,,,call_error,[],[],RuntimeError('Engine core initialization failed. See root cause above. Failed core proc(s): {}')
55994,4,0,benign,0,1,0.3759605586528778,0.9789960980415344,xgb_benign_cnn_malicious,,-1,,,call_error,[],[],RuntimeError('Engine core initialization failed. See root cause above. Failed core proc(s): {}')
56048,1,0,benign,0,1,0.694502592086792,0.9844192266464232,xgb_benign_cnn_malicious,,-1,,,call_error,[],[],RuntimeError('Engine core initialization failed. See root cause above. Failed core proc(s): {}')
56095,1,0,benign,0,1,0.6700179576873779,0.9746873378753662,xgb_benign_cnn_malicious,,-1,,,call_error,[],[],RuntimeError('Engine core initialization failed. See root cause above. Failed core proc(s): {}')
56116,4,1,T1078_Valid_Accounts,0,1,0.5382307767868042,0.9783802032470704,xgb_benign_cnn_malicious,,-1,,,call_error,[],[],RuntimeError('Engine core initialization failed. See root cause above. Failed core proc(s): {}')
56215,4,1,T1078_Valid_Accounts,0,1,0.5382307767868042,0.9783802032470704,xgb_benign_cnn_malicious,,-1,,,call_error,[],[],RuntimeError('Engine core initialization failed. See root cause above. Failed core proc(s): {}')
56432,1,0,benign,0,1,0.694502592086792,0.9844192266464232,xgb_benign_cnn_malicious,,-1,,,call_error,[],[],RuntimeError('Engine core initialization failed. See root cause above. Failed core proc(s): {}')
56569,3,0,benign,0,1,0.6923177242279053,0.9844757318496704,xgb_benign_cnn_malicious,,-1,,,call_error,[],[],RuntimeError('Engine core initialization failed. See root cause above. Failed core proc(s): {}')
56589,4,0,benign,0,1,0.5382307767868042,0.9783802032470704,xgb_benign_cnn_malicious,,-1,,,call_error,[],[],RuntimeError('Engine core initialization failed. See root cause above. Failed core proc(s): {}')
56670,4,0,benign,0,1,0.5500925183296204,0.9784390926361084,xgb_benign_cnn_malicious,,-1,,,call_error,[],[],RuntimeError('Engine core initialization failed. See root cause above. Failed core proc(s): {}')
56837,1,0,benign,0,1,0.4383872747421264,0.960890769958496,xgb_benign_cnn_malicious,,-1,,,call_error,[],[],RuntimeError('Engine core initialization failed. See root cause above. Failed core proc(s): {}')
56838,4,0,benign,0,1,0.619727611541748,0.9875256419181824,xgb_benign_cnn_malicious,,-1,,,call_error,[],[],RuntimeError('Engine core initialization failed. See root cause above. Failed core proc(s): {}')
57055,4,1,T1078_Valid_Accounts,0,1,0.3759605586528778,0.9789960980415344,xgb_benign_cnn_malicious,,-1,,,call_error,[],[],RuntimeError('Engine core initialization failed. See root cause above. Failed core proc(s): {}')
57071,4,1,T1078_Valid_Accounts,0,1,0.3759605586528778,0.9789960980415344,xgb_benign_cnn_malicious,,-1,,,call_error,[],[],RuntimeError('Engine core initialization failed. See root cause above. Failed core proc(s): {}')
57150,4,0,benign,0,1,0.5382307767868042,0.9783802032470704,xgb_benign_cnn_malicious,,-1,,,call_error,[],[],RuntimeError('Engine core initialization failed. See root cause above. Failed core proc(s): {}')
57362,4,0,benign,0,1,0.3245709240436554,0.9873520731925964,xgb_benign_cnn_malicious,,-1,,,call_error,[],[],RuntimeError('Engine core initialization failed. See root cause above. Failed core proc(s): {}')
57414,4,0,benign,0,1,0.5382307767868042,0.9783802032470704,xgb_benign_cnn_malicious,,-1,,,call_error,[],[],RuntimeError('Engine core initialization failed. See root cause above. Failed core proc(s): {}')
57470,4,1,T1078_Valid_Accounts,0,1,0.5382307767868042,0.9783802032470704,xgb_benign_cnn_malicious,,-1,,,call_error,[],[],RuntimeError('Engine core initialization failed. See root cause above. Failed core proc(s): {}')
57629,3,1,T1078_Valid_Accounts,0,1,0.6923177242279053,0.9844757318496704,xgb_benign_cnn_malicious,,-1,,,call_error,[],[],RuntimeError('Engine core initialization failed. See root cause above. Failed core proc(s): {}')
57840,4,0,benign,0,1,0.5382307767868042,0.9783802032470704,xgb_benign_cnn_malicious,,-1,,,call_error,[],[],RuntimeError('Engine core initialization failed. See root cause above. Failed core proc(s): {}')
58488,4,0,benign,0,1,0.3245709240436554,0.9873520731925964,xgb_benign_cnn_malicious,,-1,,,call_error,[],[],RuntimeError('Engine core initialization failed. See root cause above. Failed core proc(s): {}')
58508,4,0,benign,0,1,0.3836501836776733,0.8839415311813354,xgb_benign_cnn_malicious,,-1,,,call_error,[],[],RuntimeError('Engine core initialization failed. See root cause above. Failed core proc(s): {}')
58695,4,0,benign,0,1,0.5382307767868042,0.9783802032470704,xgb_benign_cnn_malicious,,-1,,,call_error,[],[],RuntimeError('Engine core initialization failed. See root cause above. Failed core proc(s): {}')
58718,3,1,T1078_Valid_Accounts,0,1,0.6923177242279053,0.9844757318496704,xgb_benign_cnn_malicious,,-1,,,call_error,[],[],RuntimeError('Engine core initialization failed. See root cause above. Failed core proc(s): {}')
58757,4,1,T1078_Valid_Accounts,0,1,0.5382307767868042,0.9783802032470704,xgb_benign_cnn_malicious,,-1,,,call_error,[],[],RuntimeError('Engine core initialization failed. See root cause above. Failed core proc(s): {}')
59070,3,1,T1078_Valid_Accounts,0,1,0.6923177242279053,0.9844757318496704,xgb_benign_cnn_malicious,,-1,,,call_error,[],[],RuntimeError('Engine core initialization failed. See root cause above. Failed core proc(s): {}')
59129,4,0,benign,0,1,0.5382307767868042,0.9783802032470704,xgb_benign_cnn_malicious,,-1,,,call_error,[],[],RuntimeError('Engine core initialization failed. See root cause above. Failed core proc(s): {}')
60020,4,0,benign,0,1,0.5382307767868042,0.9783802032470704,xgb_benign_cnn_malicious,,-1,,,call_error,[],[],RuntimeError('Engine core initialization failed. See root cause above. Failed core proc(s): {}')
60631,0,1,T1078_Valid_Accounts,0,1,0.4079813063144684,0.9997144341468812,xgb_benign_cnn_malicious,,-1,,,call_error,[],[],RuntimeError('Engine core initialization failed. See root cause above. Failed core proc(s): {}')
60911,1,0,benign,0,1,0.5568491220474243,0.9353883266448976,xgb_benign_cnn_malicious,,-1,,,call_error,[],[],RuntimeError('Engine core initialization failed. See root cause above. Failed core proc(s): {}')
61578,4,1,T1078_Valid_Accounts,0,1,0.5382307767868042,0.9783802032470704,xgb_benign_cnn_malicious,,-1,,,call_error,[],[],RuntimeError('Engine core initialization failed. See root cause above. Failed core proc(s): {}')
61719,1,0,benign,0,1,0.694502592086792,0.9844192266464232,xgb_benign_cnn_malicious,,-1,,,call_error,[],[],RuntimeError('Engine core initialization failed. See root cause above. Failed core proc(s): {}')
62038,4,0,benign,0,1,0.3245709240436554,0.9873520731925964,xgb_benign_cnn_malicious,,-1,,,call_error,[],[],RuntimeError('Engine core initialization failed. See root cause above. Failed core proc(s): {}')
62393,3,1,T1078_Valid_Accounts,0,1,0.6607770323753357,0.9449419975280762,xgb_benign_cnn_malicious,,-1,,,call_error,[],[],RuntimeError('Engine core initialization failed. See root cause above. Failed core proc(s): {}')
62578,4,1,T1078_Valid_Accounts,0,1,0.5382307767868042,0.9783802032470704,xgb_benign_cnn_malicious,,-1,,,call_error,[],[],RuntimeError('Engine core initialization failed. See root cause above. Failed core proc(s): {}')
62731,4,0,benign,0,1,0.5382307767868042,0.9783802032470704,xgb_benign_cnn_malicious,,-1,,,call_error,[],[],RuntimeError('Engine core initialization failed. See root cause above. Failed core proc(s): {}')
62945,3,0,benign,0,1,0.6923177242279053,0.9844757318496704,xgb_benign_cnn_malicious,,-1,,,call_error,[],[],RuntimeError('Engine core initialization failed. See root cause above. Failed core proc(s): {}')
63346,3,1,T1078_Valid_Accounts,0,1,0.6923177242279053,0.9844757318496704,xgb_benign_cnn_malicious,,-1,,,call_error,[],[],RuntimeError('Engine core initialization failed. See root cause above. Failed core proc(s): {}')
63440,4,0,benign,0,1,0.5382307767868042,0.9783802032470704,xgb_benign_cnn_malicious,,-1,,,call_error,[],[],RuntimeError('Engine core initialization failed. See root cause above. Failed core proc(s): {}')
63514,1,0,benign,0,1,0.3491014540195465,0.9969297051429749,xgb_benign_cnn_malicious,,-1,,,call_error,[],[],RuntimeError('Engine core initialization failed. See root cause above. Failed core proc(s): {}')
63551,3,0,benign,0,1,0.6923177242279053,0.9844757318496704,xgb_benign_cnn_malicious,,-1,,,call_error,[],[],RuntimeError('Engine core initialization failed. See root cause above. Failed core proc(s): {}')
63604,1,0,benign,0,1,0.5864039063453674,0.9987131357192992,xgb_benign_cnn_malicious,,-1,,,call_error,[],[],RuntimeError('Engine core initialization failed. See root cause above. Failed core proc(s): {}')
63605,4,1,T1078_Valid_Accounts,0,1,0.5382307767868042,0.9783802032470704,xgb_benign_cnn_malicious,,-1,,,call_error,[],[],RuntimeError('Engine core initialization failed. See root cause above. Failed core proc(s): {}')
63958,3,0,benign,0,1,0.6923177242279053,0.9844757318496704,xgb_benign_cnn_malicious,,-1,,,call_error,[],[],RuntimeError('Engine core initialization failed. See root cause above. Failed core proc(s): {}')
64023,1,0,benign,0,1,0.5864039063453674,0.9987131357192992,xgb_benign_cnn_malicious,,-1,,,call_error,[],[],RuntimeError('Engine core initialization failed. See root cause above. Failed core proc(s): {}')
64295,3,0,benign,0,1,0.6923177242279053,0.9844757318496704,xgb_benign_cnn_malicious,,-1,,,call_error,[],[],RuntimeError('Engine core initialization failed. See root cause above. Failed core proc(s): {}')
64546,4,1,T1078_Valid_Accounts,0,1,0.5382307767868042,0.9783802032470704,xgb_benign_cnn_malicious,,-1,,,call_error,[],[],RuntimeError('Engine core initialization failed. See root cause above. Failed core proc(s): {}')
65351,3,0,benign,0,1,0.6923177242279053,0.9844757318496704,xgb_benign_cnn_malicious,,-1,,,call_error,[],[],RuntimeError('Engine core initialization failed. See root cause above. Failed core proc(s): {}')
65408,4,1,T1078_Valid_Accounts,0,1,0.5382307767868042,0.9783802032470704,xgb_benign_cnn_malicious,,-1,,,call_error,[],[],RuntimeError('Engine core initialization failed. See root cause above. Failed core proc(s): {}')
65497,3,0,benign,0,1,0.6923177242279053,0.9844757318496704,xgb_benign_cnn_malicious,,-1,,,call_error,[],[],RuntimeError('Engine core initialization failed. See root cause above. Failed core proc(s): {}')
65567,3,0,benign,0,1,0.6607770323753357,0.9449419975280762,xgb_benign_cnn_malicious,,-1,,,call_error,[],[],RuntimeError('Engine core initialization failed. See root cause above. Failed core proc(s): {}')
65731,1,0,benign,0,1,0.3924641609191894,0.9985420107841492,xgb_benign_cnn_malicious,,-1,,,call_error,[],[],RuntimeError('Engine core initialization failed. See root cause above. Failed core proc(s): {}')
65767,4,0,benign,0,1,0.3759605586528778,0.9789960980415344,xgb_benign_cnn_malicious,,-1,,,call_error,[],[],RuntimeError('Engine core initialization failed. See root cause above. Failed core proc(s): {}')
65900,3,0,benign,0,1,0.6923177242279053,0.9844757318496704,xgb_benign_cnn_malicious,,-1,,,call_error,[],[],RuntimeError('Engine core initialization failed. See root cause above. Failed core proc(s): {}')
65956,4,0,benign,0,1,0.5974626541137695,0.984156370162964,xgb_benign_cnn_malicious,,-1,,,call_error,[],[],RuntimeError('Engine core initialization failed. See root cause above. Failed core proc(s): {}')
66363,4,1,T1078_Valid_Accounts,0,1,0.5382307767868042,0.9783802032470704,xgb_benign_cnn_malicious,,-1,,,call_error,[],[],RuntimeError('Engine core initialization failed. See root cause above. Failed core proc(s): {}')
66809,3,1,T1078_Valid_Accounts,0,1,0.6923177242279053,0.9844757318496704,xgb_benign_cnn_malicious,,-1,,,call_error,[],[],RuntimeError('Engine core initialization failed. See root cause above. Failed core proc(s): {}')
66826,3,1,T1078_Valid_Accounts,0,1,0.5248250365257263,0.9992611408233644,xgb_benign_cnn_malicious,,-1,,,call_error,[],[],RuntimeError('Engine core initialization failed. See root cause above. Failed core proc(s): {}')
67123,4,0,benign,0,1,0.5382307767868042,0.9783802032470704,xgb_benign_cnn_malicious,,-1,,,call_error,[],[],RuntimeError('Engine core initialization failed. See root cause above. Failed core proc(s): {}')
67225,3,1,T1078_Valid_Accounts,0,1,0.5248250365257263,0.9992611408233644,xgb_benign_cnn_malicious,,-1,,,call_error,[],[],RuntimeError('Engine core initialization failed. See root cause above. Failed core proc(s): {}')
67315,3,1,T1078_Valid_Accounts,0,1,0.6923177242279053,0.9844757318496704,xgb_benign_cnn_malicious,,-1,,,call_error,[],[],RuntimeError('Engine core initialization failed. See root cause above. Failed core proc(s): {}')
67501,4,0,benign,0,1,0.3904956877231598,0.9895955324172974,xgb_benign_cnn_malicious,,-1,,,call_error,[],[],RuntimeError('Engine core initialization failed. See root cause above. Failed core proc(s): {}')
67535,4,1,T1078_Valid_Accounts,0,1,0.5382307767868042,0.9783802032470704,xgb_benign_cnn_malicious,,-1,,,call_error,[],[],RuntimeError('Engine core initialization failed. See root cause above. Failed core proc(s): {}')
67876,3,1,T1078_Valid_Accounts,0,1,0.6923177242279053,0.9844757318496704,xgb_benign_cnn_malicious,,-1,,,call_error,[],[],RuntimeError('Engine core initialization failed. See root cause above. Failed core proc(s): {}')
67911,4,1,T1078_Valid_Accounts,0,1,0.619727611541748,0.9875256419181824,xgb_benign_cnn_malicious,,-1,,,call_error,[],[],RuntimeError('Engine core initialization failed. See root cause above. Failed core proc(s): {}')
67960,3,0,benign,0,1,0.6923177242279053,0.9844757318496704,xgb_benign_cnn_malicious,,-1,,,call_error,[],[],RuntimeError('Engine core initialization failed. See root cause above. Failed core proc(s): {}')
68255,3,0,benign,0,1,0.4594541490077972,0.9298056960105896,xgb_benign_cnn_malicious,,-1,,,call_error,[],[],RuntimeError('Engine core initialization failed. See root cause above. Failed core proc(s): {}')
68392,3,1,T1078_Valid_Accounts,0,1,0.6923177242279053,0.9844757318496704,xgb_benign_cnn_malicious,,-1,,,call_error,[],[],RuntimeError('Engine core initialization failed. See root cause above. Failed core proc(s): {}')
68834,4,1,T1078_Valid_Accounts,0,1,0.5382307767868042,0.9783802032470704,xgb_benign_cnn_malicious,,-1,,,call_error,[],[],RuntimeError('Engine core initialization failed. See root cause above. Failed core proc(s): {}')
69037,4,1,T1078_Valid_Accounts,0,1,0.5382307767868042,0.9783802032470704,xgb_benign_cnn_malicious,,-1,,,call_error,[],[],RuntimeError('Engine core initialization failed. See root cause above. Failed core proc(s): {}')
69298,4,0,benign,0,1,0.619727611541748,0.9875256419181824,xgb_benign_cnn_malicious,,-1,,,call_error,[],[],RuntimeError('Engine core initialization failed. See root cause above. Failed core proc(s): {}')
69301,3,0,benign,0,1,0.6923177242279053,0.9844757318496704,xgb_benign_cnn_malicious,,-1,,,call_error,[],[],RuntimeError('Engine core initialization failed. See root cause above. Failed core proc(s): {}')
69448,4,0,benign,0,1,0.3904956877231598,0.989595115184784,xgb_benign_cnn_malicious,,-1,,,call_error,[],[],RuntimeError('Engine core initialization failed. See root cause above. Failed core proc(s): {}')
69988,4,0,benign,0,1,0.5382307767868042,0.9783802032470704,xgb_benign_cnn_malicious,,-1,,,call_error,[],[],RuntimeError('Engine core initialization failed. See root cause above. Failed core proc(s): {}')
70202,3,1,T1078_Valid_Accounts,0,1,0.6923177242279053,0.9844757318496704,xgb_benign_cnn_malicious,,-1,,,call_error,[],[],RuntimeError('Engine core initialization failed. See root cause above. Failed core proc(s): {}')
70364,4,0,benign,0,1,0.5382307767868042,0.9783802032470704,xgb_benign_cnn_malicious,,-1,,,call_error,[],[],RuntimeError('Engine core initialization failed. See root cause above. Failed core proc(s): {}')
70727,3,0,benign,0,1,0.6923177242279053,0.9844757318496704,xgb_benign_cnn_malicious,,-1,,,call_error,[],[],RuntimeError('Engine core initialization failed. See root cause above. Failed core proc(s): {}')
71280,3,1,T1078_Valid_Accounts,0,1,0.6923177242279053,0.9844757318496704,xgb_benign_cnn_malicious,,-1,,,call_error,[],[],RuntimeError('Engine core initialization failed. See root cause above. Failed core proc(s): {}')
71346,4,0,benign,0,1,0.619727611541748,0.9875256419181824,xgb_benign_cnn_malicious,,-1,,,call_error,[],[],RuntimeError('Engine core initialization failed. See root cause above. Failed core proc(s): {}')
71460,4,1,T1078_Valid_Accounts,0,1,0.5712800621986389,0.978448748588562,xgb_benign_cnn_malicious,,-1,,,call_error,[],[],RuntimeError('Engine core initialization failed. See root cause above. Failed core proc(s): {}')
71610,3,1,T1078_Valid_Accounts,0,1,0.6923177242279053,0.9844757318496704,xgb_benign_cnn_malicious,,-1,,,call_error,[],[],RuntimeError('Engine core initialization failed. See root cause above. Failed core proc(s): {}')
72057,4,0,benign,0,1,0.5382307767868042,0.9783802032470704,xgb_benign_cnn_malicious,,-1,,,call_error,[],[],RuntimeError('Engine core initialization failed. See root cause above. Failed core proc(s): {}')
72818,3,1,T1078_Valid_Accounts,0,1,0.6923177242279053,0.9844757318496704,xgb_benign_cnn_malicious,,-1,,,call_error,[],[],RuntimeError('Engine core initialization failed. See root cause above. Failed core proc(s): {}')
72956,1,0,benign,0,1,0.4383872747421264,0.960890769958496,xgb_benign_cnn_malicious,,-1,,,call_error,[],[],RuntimeError('Engine core initialization failed. See root cause above. Failed core proc(s): {}')
73043,3,0,benign,0,1,0.6923177242279053,0.9844757318496704,xgb_benign_cnn_malicious,,-1,,,call_error,[],[],RuntimeError('Engine core initialization failed. See root cause above. Failed core proc(s): {}')
73142,4,1,T1078_Valid_Accounts,0,1,0.5382307767868042,0.9783802032470704,xgb_benign_cnn_malicious,,-1,,,call_error,[],[],RuntimeError('Engine core initialization failed. See root cause above. Failed core proc(s): {}')
73425,4,0,benign,0,1,0.5382307767868042,0.9783802032470704,xgb_benign_cnn_malicious,,-1,,,call_error,[],[],RuntimeError('Engine core initialization failed. See root cause above. Failed core proc(s): {}')
74326,3,1,T1078_Valid_Accounts,0,1,0.6923177242279053,0.9844757318496704,xgb_benign_cnn_malicious,,-1,,,call_error,[],[],RuntimeError('Engine core initialization failed. See root cause above. Failed core proc(s): {}')
74518,3,1,T1078_Valid_Accounts,0,1,0.6923177242279053,0.9844757318496704,xgb_benign_cnn_malicious,,-1,,,call_error,[],[],RuntimeError('Engine core initialization failed. See root cause above. Failed core proc(s): {}')
74674,3,0,benign,0,1,0.3807487487792969,0.9295397400856018,xgb_benign_cnn_malicious,,-1,,,call_error,[],[],RuntimeError('Engine core initialization failed. See root cause above. Failed core proc(s): {}')
74764,1,0,benign,0,1,0.4333839416503906,0.9628597497940063,xgb_benign_cnn_malicious,,-1,,,call_error,[],[],RuntimeError('Engine core initialization failed. See root cause above. Failed core proc(s): {}')
74845,3,0,benign,0,1,0.6923177242279053,0.9844757318496704,xgb_benign_cnn_malicious,,-1,,,call_error,[],[],RuntimeError('Engine core initialization failed. See root cause above. Failed core proc(s): {}')
75117,4,0,benign,0,1,0.5974626541137695,0.984156370162964,xgb_benign_cnn_malicious,,-1,,,call_error,[],[],RuntimeError('Engine core initialization failed. See root cause above. Failed core proc(s): {}')
75296,3,1,T1078_Valid_Accounts,0,1,0.6923177242279053,0.9844757318496704,xgb_benign_cnn_malicious,,-1,,,call_error,[],[],RuntimeError('Engine core initialization failed. See root cause above. Failed core proc(s): {}')
75376,3,0,benign,0,1,0.6923177242279053,0.9844757318496704,xgb_benign_cnn_malicious,,-1,,,call_error,[],[],RuntimeError('Engine core initialization failed. See root cause above. Failed core proc(s): {}')
75687,3,0,benign,0,1,0.3807487487792969,0.9295397400856018,xgb_benign_cnn_malicious,,-1,,,call_error,[],[],RuntimeError('Engine core initialization failed. See root cause above. Failed core proc(s): {}')
76103,3,0,benign,0,1,0.6923177242279053,0.9844757318496704,xgb_benign_cnn_malicious,,-1,,,call_error,[],[],RuntimeError('Engine core initialization failed. See root cause above. Failed core proc(s): {}')
76182,3,1,T1078_Valid_Accounts,0,1,0.6923177242279053,0.9844757318496704,xgb_benign_cnn_malicious,,-1,,,call_error,[],[],RuntimeError('Engine core initialization failed. See root cause above. Failed core proc(s): {}')
76356,3,0,benign,0,1,0.6923177242279053,0.9844757318496704,xgb_benign_cnn_malicious,,-1,,,call_error,[],[],RuntimeError('Engine core initialization failed. See root cause above. Failed core proc(s): {}')
76618,3,0,benign,0,1,0.3807487487792969,0.9295397400856018,xgb_benign_cnn_malicious,,-1,,,call_error,[],[],RuntimeError('Engine core initialization failed. See root cause above. Failed core proc(s): {}')
77462,3,1,T1078_Valid_Accounts,0,1,0.6923177242279053,0.9844757318496704,xgb_benign_cnn_malicious,,-1,,,call_error,[],[],RuntimeError('Engine core initialization failed. See root cause above. Failed core proc(s): {}')
77639,3,0,benign,0,1,0.6923177242279053,0.9844757318496704,xgb_benign_cnn_malicious,,-1,,,call_error,[],[],RuntimeError('Engine core initialization failed. See root cause above. Failed core proc(s): {}')
78207,3,0,benign,0,1,0.5248250365257263,0.9992611408233644,xgb_benign_cnn_malicious,,-1,,,call_error,[],[],RuntimeError('Engine core initialization failed. See root cause above. Failed core proc(s): {}')
78376,3,0,benign,0,1,0.6923177242279053,0.9844757318496704,xgb_benign_cnn_malicious,,-1,,,call_error,[],[],RuntimeError('Engine core initialization failed. See root cause above. Failed core proc(s): {}')
78521,4,0,benign,0,1,0.3759605586528778,0.9789960980415344,xgb_benign_cnn_malicious,,-1,,,call_error,[],[],RuntimeError('Engine core initialization failed. See root cause above. Failed core proc(s): {}')
78691,3,1,T1078_Valid_Accounts,0,1,0.6923177242279053,0.9844757318496704,xgb_benign_cnn_malicious,,-1,,,call_error,[],[],RuntimeError('Engine core initialization failed. See root cause above. Failed core proc(s): {}')
78838,4,0,benign,0,1,0.3245709240436554,0.9873520731925964,xgb_benign_cnn_malicious,,-1,,,call_error,[],[],RuntimeError('Engine core initialization failed. See root cause above. Failed core proc(s): {}')
79088,3,1,T1078_Valid_Accounts,0,1,0.3807487487792969,0.9295397400856018,xgb_benign_cnn_malicious,,-1,,,call_error,[],[],RuntimeError('Engine core initialization failed. See root cause above. Failed core proc(s): {}')
79130,3,0,benign,0,1,0.6923177242279053,0.9844757318496704,xgb_benign_cnn_malicious,,-1,,,call_error,[],[],RuntimeError('Engine core initialization failed. See root cause above. Failed core proc(s): {}')
79167,3,1,T1078_Valid_Accounts,0,1,0.6923177242279053,0.9844757318496704,xgb_benign_cnn_malicious,,-1,,,call_error,[],[],RuntimeError('Engine core initialization failed. See root cause above. Failed core proc(s): {}')
79352,4,1,T1078_Valid_Accounts,0,1,0.5382307767868042,0.9783802032470704,xgb_benign_cnn_malicious,,-1,,,call_error,[],[],RuntimeError('Engine core initialization failed. See root cause above. Failed core proc(s): {}')
79385,3,0,benign,0,1,0.4077194035053253,0.9246294498443604,xgb_benign_cnn_malicious,,-1,,,call_error,[],[],RuntimeError('Engine core initialization failed. See root cause above. Failed core proc(s): {}')
79482,3,0,benign,0,1,0.6923177242279053,0.9844757318496704,xgb_benign_cnn_malicious,,-1,,,call_error,[],[],RuntimeError('Engine core initialization failed. See root cause above. Failed core proc(s): {}')
79549,4,1,T1078_Valid_Accounts,0,1,0.5382307767868042,0.9783802032470704,xgb_benign_cnn_malicious,,-1,,,call_error,[],[],RuntimeError('Engine core initialization failed. See root cause above. Failed core proc(s): {}')
79725,4,0,benign,0,1,0.3245709240436554,0.9873520731925964,xgb_benign_cnn_malicious,,-1,,,call_error,[],[],RuntimeError('Engine core initialization failed. See root cause above. Failed core proc(s): {}')
79892,4,0,benign,0,1,0.3245709240436554,0.9873520731925964,xgb_benign_cnn_malicious,,-1,,,call_error,[],[],RuntimeError('Engine core initialization failed. See root cause above. Failed core proc(s): {}')
79926,1,0,benign,0,1,0.3491014540195465,0.9969297051429749,xgb_benign_cnn_malicious,,-1,,,call_error,[],[],RuntimeError('Engine core initialization failed. See root cause above. Failed core proc(s): {}')
80225,3,1,T1078_Valid_Accounts,0,1,0.6923177242279053,0.9844757318496704,xgb_benign_cnn_malicious,,-1,,,call_error,[],[],RuntimeError('Engine core initialization failed. See root cause above. Failed core proc(s): {}')
80548,3,0,benign,0,1,0.6923177242279053,0.9844757318496704,xgb_benign_cnn_malicious,,-1,,,call_error,[],[],RuntimeError('Engine core initialization failed. See root cause above. Failed core proc(s): {}')
80848,1,0,benign,0,1,0.5568491220474243,0.9353883266448976,xgb_benign_cnn_malicious,,-1,,,call_error,[],[],RuntimeError('Engine core initialization failed. See root cause above. Failed core proc(s): {}')
81579,1,0,benign,0,1,0.3491014540195465,0.9969297051429749,xgb_benign_cnn_malicious,,-1,,,call_error,[],[],RuntimeError('Engine core initialization failed. See root cause above. Failed core proc(s): {}')
81850,3,0,benign,0,1,0.3807487487792969,0.9295397400856018,xgb_benign_cnn_malicious,,-1,,,call_error,[],[],RuntimeError('Engine core initialization failed. See root cause above. Failed core proc(s): {}')
82062,3,1,T1078_Valid_Accounts,0,1,0.6923177242279053,0.9844757318496704,xgb_benign_cnn_malicious,,-1,,,call_error,[],[],RuntimeError('Engine core initialization failed. See root cause above. Failed core proc(s): {}')
82167,3,0,benign,0,1,0.3807487487792969,0.9295397400856018,xgb_benign_cnn_malicious,,-1,,,call_error,[],[],RuntimeError('Engine core initialization failed. See root cause above. Failed core proc(s): {}')
82364,4,0,benign,0,1,0.5382307767868042,0.9783802032470704,xgb_benign_cnn_malicious,,-1,,,call_error,[],[],RuntimeError('Engine core initialization failed. See root cause above. Failed core proc(s): {}')
82562,3,1,T1078_Valid_Accounts,0,1,0.6923177242279053,0.9844757318496704,xgb_benign_cnn_malicious,,-1,,,call_error,[],[],RuntimeError('Engine core initialization failed. See root cause above. Failed core proc(s): {}')
82623,3,0,benign,0,1,0.3807487487792969,0.9295397400856018,xgb_benign_cnn_malicious,,-1,,,call_error,[],[],RuntimeError('Engine core initialization failed. See root cause above. Failed core proc(s): {}')
82666,3,0,benign,0,1,0.6923177242279053,0.9844757318496704,xgb_benign_cnn_malicious,,-1,,,call_error,[],[],RuntimeError('Engine core initialization failed. See root cause above. Failed core proc(s): {}')
82892,4,0,benign,0,1,0.3245709240436554,0.9873520731925964,xgb_benign_cnn_malicious,,-1,,,call_error,[],[],RuntimeError('Engine core initialization failed. See root cause above. Failed core proc(s): {}')
83183,3,0,benign,0,1,0.6923177242279053,0.9844757318496704,xgb_benign_cnn_malicious,,-1,,,call_error,[],[],RuntimeError('Engine core initialization failed. See root cause above. Failed core proc(s): {}')
83460,3,1,T1078_Valid_Accounts,0,1,0.3807487487792969,0.9295397400856018,xgb_benign_cnn_malicious,,-1,,,call_error,[],[],RuntimeError('Engine core initialization failed. See root cause above. Failed core proc(s): {}')
83816,1,0,benign,0,1,0.3570463955402374,0.996929943561554,xgb_benign_cnn_malicious,,-1,,,call_error,[],[],RuntimeError('Engine core initialization failed. See root cause above. Failed core proc(s): {}')
84874,3,1,T1078_Valid_Accounts,0,1,0.3807487487792969,0.9295397400856018,xgb_benign_cnn_malicious,,-1,,,call_error,[],[],RuntimeError('Engine core initialization failed. See root cause above. Failed core proc(s): {}')
85022,3,0,benign,0,1,0.6923177242279053,0.9844757318496704,xgb_benign_cnn_malicious,,-1,,,call_error,[],[],RuntimeError('Engine core initialization failed. See root cause above. Failed core proc(s): {}')
85388,4,1,T1078_Valid_Accounts,0,1,0.5382307767868042,0.9783802032470704,xgb_benign_cnn_malicious,,-1,,,call_error,[],[],RuntimeError('Engine core initialization failed. See root cause above. Failed core proc(s): {}')
85442,3,0,benign,0,1,0.6923177242279053,0.9844757318496704,xgb_benign_cnn_malicious,,-1,,,call_error,[],[],RuntimeError('Engine core initialization failed. See root cause above. Failed core proc(s): {}')
85595,3,0,benign,0,1,0.6923177242279053,0.9844757318496704,xgb_benign_cnn_malicious,,-1,,,call_error,[],[],RuntimeError('Engine core initialization failed. See root cause above. Failed core proc(s): {}')
86448,3,0,benign,0,1,0.6923177242279053,0.9844757318496704,xgb_benign_cnn_malicious,,-1,,,call_error,[],[],RuntimeError('Engine core initialization failed. See root cause above. Failed core proc(s): {}')
87414,4,0,benign,0,1,0.5382307767868042,0.9783802032470704,xgb_benign_cnn_malicious,,-1,,,call_error,[],[],RuntimeError('Engine core initialization failed. See root cause above. Failed core proc(s): {}')
87614,4,0,benign,0,1,0.6861697435379028,0.9936937689781188,xgb_benign_cnn_malicious,,-1,,,call_error,[],[],RuntimeError('Engine core initialization failed. See root cause above. Failed core proc(s): {}')
87732,3,1,T1078_Valid_Accounts,0,1,0.6923177242279053,0.9844757318496704,xgb_benign_cnn_malicious,,-1,,,call_error,[],[],RuntimeError('Engine core initialization failed. See root cause above. Failed core proc(s): {}')
87850,3,0,benign,0,1,0.6923177242279053,0.9844757318496704,xgb_benign_cnn_malicious,,-1,,,call_error,[],[],RuntimeError('Engine core initialization failed. See root cause above. Failed core proc(s): {}')
88290,3,0,benign,0,1,0.6923177242279053,0.9844757318496704,xgb_benign_cnn_malicious,,-1,,,call_error,[],[],RuntimeError('Engine core initialization failed. See root cause above. Failed core proc(s): {}')
88305,3,0,benign,0,1,0.3807487487792969,0.9295397400856018,xgb_benign_cnn_malicious,,-1,,,call_error,[],[],RuntimeError('Engine core initialization failed. See root cause above. Failed core proc(s): {}')
